idJEMS;seq;campo;status;valor_csv;valor_milanesa
5646;3;abstractOrig;DIVERGE;Este trabalho apresenta uma proposta para apoiar o ensino-aprendizagem de programação de computadores, aprimorando o juiz on-line The Huxley através da capacidade de produzir mensagens de feedback que sejam facilmente compreendidas pelos aprendizes de disciplinas iniciais de programação, norteando-os sobre os erros de sintaxe apresentados ao realizar uma submissão ao juiz on-line. Também foi feito um estudo de caso com turmas de graduação para avaliar esta abordagem, através de um experimento controlado, assim como sua análise com testes estatísticos para confirmação de hipótese, onde o estudo concluiu que a abordagem aumentou a capacidade de corrigir erros, além de guiar os alunos mais enfaticamente, principalmente entre alunos com baixo domínio da língua inglesa e que lograram êxito na disciplina inicial de programação.;
5646;3;abstractEn;DIVERGE;This paper presents a proposal to support teaching-learning of computer programming, improving the online judge The Huxley by including feedback messages that are easily understood by the learners of the initial programming disciplines and guiding them through the syntax errors presented when performing a submission to the online judge. In order to evaluate this approach, a case study with undergraduate classes was also conducted. A controlled experiment, including an analysis with statistical tests confirms the hypothesis, where the approach increased the ability to correct errors, especially among students with low English proficiency that have succeeded in the initial programming discipline.;
5647;4;abstractOrig;DIVERGE;Resumo. No Brasil, a avaliação de aprendizagem em larga escala é fundamental para os órgãos públicos responsáveis pela educação. Quando se trata dos primeiros anos do ensino fundamental, um importante aspecto a se avaliar é a capacidade do aluno utilizar a sua língua materna na modalidade oral. Apesar disso, o processo de avaliação da fluência em leitura em larga escala ainda é uma tarefa muito dispendiosa em termos financeiros e de tempo. Este trabalho propõe e avalia o uso de reconhecimento automático de fala (ASR) para a automatização desse processo. Experimentos foram realizados em uma base real de áudios e foi demonstrado que a avaliação automática reflete, de forma próxima, a qualidade das leituras analisadas por especialistas.;
5647;4;abstractEn;DIVERGE;Abstract. In Brazil, large-scale learning assessment is fundamental for public bodies responsible for education. Through these evaluations, it is possible to plan public policies aimed at improving education. When it comes to the first years of elementary school, an important aspect to evaluate is the ability of the students to use their mother tongue in the oral mode. Nevertheless, the process of evaluating orality on a large scale is still a very costly and time-consuming task. This paper proposes and evaluates the use of Automatic Speech Recognition (ASR) for the automation of this evaluation process. Experiments were performed on a real base of audios and it was demonstrated that the automatic evaluation closely reflects the quality of the analyzed readings.;
5648;5;abstractOrig;DIVERGE;Este artigo descreve a aplicação do guia GDSM para elaborar indicadores para avaliação de software educacional, com enfoque na característica Aspectos Educacionais, presente no processo Quali-EDU. Como resultado, foram obtidos 40 indicadores distribuídos em três entidades: Software Educacional, Contexto Educacional e Questionário Quali-EDU. Além dos indicadores propostos, atividades de medição e um plano de medição foram construídos com base no GDSM.;
5648;5;abstractEn;DIVERGE;This paper describes the application of the GDSM guide to develop indicators for the evaluation of educational software, focusing on the Educational Aspects characteristic present in the Quali-EDU process. As a result, 40 indicators were obtained, distributed across three entities: Educational Software, Educational Context, and the Quali-EDU Questionnaire. In addition to the proposed indicators, measurement activities and a measurement plan were developed based on GDSM.;
5649;6;abstractOrig;DIVERGE;No contexto de sociedade da informação, as práticas de leitura tornam-se chaves para exercer cidadania. Em textos que geram discussão, essas habilidades são ainda mais necessárias e uma das práticas possíveis para facilitar o debate é a leitura colaborativa. Neste artigo, é apresentado um protótipo inicial para o conceito de Leitura Colaborativa no ambiente Físico-Virtual, levando a leitura colaborativa a uma aplicação web voltada para smartphones com uso de realidade aumentada. A experimentação piloto de um cenário que usa o software foi de grande interesse dos participantes e sugere que a proposta pode servir como uma nova forma de estruturação de mídia para uso em diferentes contextos.;
5649;6;abstractEn;DIVERGE;In the context of our information based society, literacy practices are a way of empowerment and citizenship. Specially in a controversial text, reading and writing abilities are a essential tool and one approach to improve this kind of discussion is through collaborative reading. This paper presents the first prototype for the concept of Collaborative Reading in the Physical-Virtual environment, bringing collaborative reading in a web application with augmented reality for smartphones. The pilot experiment scenario, which uses the developed software, had great results in creating a challenging, creative and attractive environment and might be a new form to structure media to be used in a variety of contexts.;
5650;7;abstractOrig;DIVERGE;Resumo. Este artigo discute algumas lacunas que vêm impedindo a efetividade da avaliação de softwares educativos, mas que ainda podem ser minimizadas com pesquisas futuras na área de computação. Através de uma análise ergonômica-pedagógica de aplicativos educacionais para dispositivos móveis, busca-se alertar para a importância da avaliação de softwares educacionais para a efetividade do aprendizado.;
5650;7;abstractEn;DIVERGE;Abstract. This article discusses some gaps that have been hindering the effectiveness of educational software evaluation, but which can still be mitigated with future research in the field of computing. Through an ergonomic-pedagogical analysis of educational applications for mobile devices, it aims to highlight the importance of evaluating educational software for the effectiveness of learning.;
5651;8;abstractOrig;DIVERGE;Este estudo tem como objetivo discutir a implementação do recurso tecnológico EDUSCRUM como meio para ensino-aprendizagem em metodologias ativas. Serão abordados conceitos de metodologias ativas, uso das TDICs na educação e, por fim, será apresentado um relato de caso com a aplicação do EDUSCRUM, baseado na metodologia SCRUM, utilizando a ferramenta Trello. Após o desenvolvimento do projeto, pode-se verificar que a ferramenta aliada à metodologia pode oferecer um valioso recurso no processo de ensino-aprendizagem com metodologias ativas.;
5651;8;abstractEn;DIVERGE;This study aims to discuss the implementation of the technological resource EDUSCRUM as a means for teaching and learning within active methodologies. It addresses concepts of active methodologies, the use of ICTs in education, and presents a case report on the application of EDUSCRUM based on the SCRUM methodology, using the Trello tool. After the development of the project, it was verified that the tool, combined with the methodology, can offer a valuable resource in the teaching-learning process employing active methodologies.;
5652;9;abstractOrig;DIVERGE;O IFQuimical foi desenvolvido como uma ferramenta interativa mediadora no processo de ensino-aprendizagem de química, nível médIo, contribuindo para (re)significação dos conteúdos curriculares da disciplina, tendo como fundamentos os Parâmetros Curriculares Nacionais e a Base Nacional Curricular do Ensino Médio. Este instrumento disponibiliza o balanceamento de equações ácido-base, com os respectivos sais inorgânicos formados, as imagens destes sais e suas propriedades químicas, também possibilita ao usuário a criação de simulados que têm como base as questões do Exame Nacional do Ensino Médio dos últimos anos, além de apresentar vidrarias elementares disponíveis num laboratório e suas aplicações.;Chemistry is a science related to the most diverse vital processes, which makes it present in various everyday situations. However, it is still considered complex and with a high degree of difﬁculty in learning by a signiﬁcant number of students in basic education. Considering technological advances, the popularization of these resources and the implementation of new forms of interaction in the school environment, IFQuimical is presented as a mediating educational tool in the teaching-learning process, providing different ways of interaction,signiﬁcationandre-signiﬁcationofchemistry. The software was developed to assist students and teachers in theteaching of chemistry at the secondary level, according to the National Curricular Parameters and the National Curricular Base, which highlight the need for a citizen training that considers the new social relations and forms of interaction with the world . Currently, the IFQuimical provides the balancing of acid-base equations, with the respective inorganic salts formed, the images of these salts and their chemical properties, enables the user to create a simulation based on National High School Examination questions, besides presenting glassware available in the laboratory and its applications.  A química é uma ciência relacionada aos mais diversos processos vitais,o que a faz presente em várias situações do cotidiano. Porém,ainda é considerada complexa e com elevado grau de diﬁculdade na aprendizagem por um número signiﬁcativo de alunos da educação básica. Considerando os avanços tecnológicos, a popularização destes recursos e a implementação de novas formas de interação no ambiente escolar, o IFQuimical é apresentado como uma ferramenta educacional mediadora no processo ensino-aprendizagem, proporcionado diferentes maneiras de interação, significação e ressignificação da química. O software foi desenvolvido para auxiliar discentes e docentes no ensino de química, nível médio, segundo os Parâmetros Curriculares Nacionais e a Base Nacional Curricular, que destacam a necessidade de uma formação cidadã, que considere as novas relações sociais e formas de interação com o mundo. Atualmente, o IFQuimical disponibiliza o balanceamento de equações acido-base, com os respectivos sais inorgânicos formados, as imagens destes sais e suas propriedades químicas, possibilita ao usuário a criação de um simulado baseado em questões do Exame Nacional do Ensino Médio, além de apresentar vidrarias elementares disponíveis em laboratório e suas aplicações.
5652;9;abstractEn;DIVERGE;The IFQuimical was developed as an interactive mediator tool in the teaching and learning process of chemistry at the secondary level, contributing to (re)signification of the curricular contents of the discipline, based on the National Curricular Parameters and the National Curricular Base of the Secondary School. This instrument provides the balancing of acid-base equations, with the respective inorganic salts formed, the images of these salts and their chemical properties, also allows the user to create simulations that are based on the National High School Examination questions of the last years, besides presenting elementary glassware available in the laboratory and its applications.;
5653;10;abstractOrig;DIVERGE;Cursos ofertados na modalidade de Educação a Distância (EAD) requerem dedicação, comprometimento e disciplina dos alunos. As interações dos alunos em ambientes virtuais de aprendizagem podem ser um indicador do seu aprendizado. Este trabalho investiga as notas e interações de alunos e sua correlação, além de interações de tutores em um Ambiente Virtual de Aprendizagem. Análises estatísticas de interações e notas em três cursos EAD foram realizadas. Nós identificamos correlação entre interações e notas dos alunos e uma ferramenta foi construída e disponibilizada para a comunidade. Os dados podem ser utilizados para uma melhor compreensão dos cursos de modo a auxiliar a tomada de decisão pedagógica e a ferramenta pode ser utilizada no contexto de outros cursos a distância.;
5653;10;abstractEn;DIVERGE;Courses offered in distance education require dedication, commitment and discipline from students. The interactions of the students in virtual environments of education can be an indicator of their learning. This work investigates the interactions and grades among students and their correlation, besides interactions of tutors in a virtual learning environment. Statistical analysis of interactions and grades in three courses were performed. We identified a correlation between interactions and notes of the students, a tool was built and made available to the community. The data can be used to better understand the courses in order to support the pedagogical decision making and the tool can be used by other courses.;
5654;11;abstractOrig;DIVERGE;O objetivo desta proposta é fornecer uma metodologia fundamentada em técnicas da Computação para a solução de problemas de qualquer área do conhecimento, que possa ser aplicada a partir do Ensino Básico. Apresenta-se o núcleo de uma linguagem visual que permite a especificação das informações de entrada/saída de um problema, bem como a sua solução por meio dos conceitos de abstração e decomposição.;
5654;11;abstractEn;DIVERGE;The goal of this proposal is to provide a methodology based on Computer techniques for the solution of problems of any area of knowledge that can be applied from Basic Education. We present the core of a visual language that allows the specification of the input/output information of a problem, as well as its solution through the concepts of abstraction and decomposition.;
5655;12;abstractOrig;DIVERGE;Incorporar tecnologias digitais ao cotidiano escolar é uma tarefa desafiadora. Tais tecnologias permitem estabelecer a aproximação entre os conteúdos trabalhados em sala de aula e a realidade na qual o estudante encontra-se inserido. Nesse contexto, esta pesquisa buscou avaliar a adequação do uso de um dispositivo IoT para auxiliar no ensino de educação ambiental para estudantes do ensino fundamental. Constatou-se o interesse dos mesmos em fazer uso do dispositivo que, de forma lúdica, estimula a criatividade, a interação com a tecnologia, e um aprendizado por meio da contextualização de um problema real.;
5655;12;abstractEn;DIVERGE;Incorporating digital technologies to the school routine is a challenging task. These technologies allow to establish the approach between the content from classroom and the reality in which the student is present. In this context, this research aimed to evaluate the suitability of using the device IoT to help in the teaching of environmental education to elementary school students. It was noticed the interest of students in using the device that, in an entertaining way, stimulates creativity, interaction with technology, and learning by contextualization of a real problem.;
5659;13;abstractOrig;DIVERGE;Resumo. Este trabalho propõe o desenvolvimento de um agente conversacional em um ambiente computacional de ensino. Assim, para o desenvolvimento do agente foram utilizadas as teorias Mapas de Conhecimentos Estruturados (MCE) e Métodos de Memorizaçao Exponencial Efetivo na Base Binária (MMEEBB) com a finalidade de separar os conceitos e conhecimentos do estudante, bem como garantir a memorização do conteúdo aprendido. Além disso, o agente foi integrado em um ambiente virtual de aprendizagem para interação com os estudantes o que resultou em bons resultados no processo avaliativo.;
5659;13;abstractEn;DIVERGE;Abstract. This is paper proposes the development of a conversational agent in a teaching computational environment. Thus, for the development of the agent, theories of Structured Knowledge Maps and Methods of Effective Exponential Storage in the Binary Base were used in order to separate the concepts and knowledge of the student, as well as to ensure the memorization of the learned content. In addition, the agent was integrated into a virtual learning environment for interaction with students, which resulted in good results in the evaluation process.;
5660;14;abstractOrig;DIVERGE;Resumo. O processo de ensino-aprendizagem de algoritmos e lógica de programação pode ser uma tarefa difícil, especialmente para estudantes de cursos superiores não pertencentes à área da computação, como por exemplo das engenharias, matemática, física, etc. Além de lidar com altas taxas de reprovação e evasão, a maioria dos estudantes apresentam opiniões negativas em relação à programação, a vendo como desnecessária e irrelevante. Uma solução proposta para esta problemática é a utilização de uma abordagem de ensino que relacione o curso dos estudantes com os conteúdos aprendidos, visando aumentar a motivação dos mesmos. Neste estudo foi conduzido um Mapeamento Sistemático da Literatura, cujos resultados apresentaram como essas abordagens são desenvolvidas e como elas exibem repercussões promissoras.;
5660;14;abstractEn;DIVERGE;The teaching-learning process of algorithms and programming logic can be a difficult task, especially for non-CS majors, e.g., engineering, mathematics and physics courses. In addition to coping with high rates of failure and dropout, most students have negative views on programming, viewing it as unnecessary and irrelevant. A proposed solution to this problem is the use of a teaching approach that relates the students' major to the contents learned, aiming to increase their motivation. In this study a Systematic Literature Mapping was conducted, whose results showed how these approaches are developed and how they exhibit promising repercussions.;
5661;15;abstractOrig;DIVERGE;Resumo. Nós percebemos que os usuários de perfil estudante geralmente realizam um conjunto de escolhas ou tomadas de decisão durante a aprendizagem, dependendo da plataforma de e-learning utilizada. Esse conjunto de escolhas pertence ao paradigma de Aprendizagem Autodirigida da Educação. Neste artigo, definimos essas escolhas em sistemas de e-learning, com base em padrões de interação e de navegação de usuários que observamos em diferentes sistemas e-learning durante uma revisão sistemática que realizamos. Além disso, apresentamos como essas escolhas são implementadas no AdaptWeb, um sistema de e-learning formal e ubíquo.;
5661;15;abstractEn;DIVERGE;Abstract. We noticed that learner users usually perform a set of choices or make decisions during learning, depending on the e-learning platform. This set of choices belongs to the Learner-driven Learning paradigm from Education. In this paper, we state these choices for e-learning systems, based on user-interaction partners and navigation patterns we noticed while performing a systematic review on e-learning systems. Moreover, we present how these choices are implemented in the AdaptWeb platform, a ubiquitous e-learning system for formal education.;
5662;16;titleOrig;DIVERGE;Introdução da impressão 3D em experimentos voltados ao ensino de projetos de design;Introdução da impressão 3D em experimentos voltados ao ensino de projetos de design
5662;16;abstractOrig;DIVERGE;Resumo. A evolução da tecnologia acarreta em mudanças no processo de fabricação de produtos cujo impacto repercute nas indústrias como também no setor acadêmico. O ensino precisa buscar formas de integrar o uso tecnológico dentro das disciplinas já existentes. Neste artigo, serão apresentadas duas atividades que se propõem a introduzir a impressão 3D dentro da sala de aula aplicada em projetos de design. A parte prática detalha a metodologia aplicada em relação ao uso de ferramenta, assim como também apresenta e discute os resultados alcançados, além de algumas dificuldades encontradas, ao final dos experimentos. Em uma das conclusões, a impressão 3D demonstrou ser mais do que apenas um meio de representação, mas parte do raciocínio das novas práticas de se executar um projeto de design. Palavras-Chave: Impressão 3D. Processo projetual. Ensino de design.;
5662;16;abstractEn;DIVERGE;Abstract. The evolution of technology leads to changes in the manufacturing process of products whose impact changes the industries and the academic sector as well. Education needs to seek ways of integrating technological use into existing disciplines. In this paper, two academic exercises will be presented that propose to introduce 3D printing within the classroom applied in design projects. The practical part details the methodology applied in relation to the use of tool, as well as presents and discusses the results achieved, besides some difficulties encountered, at the end of the experiments. In one of the conclusions, 3D printing proved to be more than just a tool of representation, but part of the thinking process of the new practices of executing a design project.;
5664;17;abstractOrig;DIVERGE;Resumo. Ambientes u-learning tem como proposta o processamento contínuo das experiências de aprendizado, permitindo com que este se adapte às necessidades do estudante ao longo de sua vida. Motivado por este cenário, esse artigo tem o objetivo de apresentar o estado da arte em ambientes u-learning cientes de contexto. Para isso, é explorada uma Revisão Sistemática da Literatura. Nessa revisão são analisados trabalhos publicados entre 2012 e 2017. Durante o processo de revisão foram identificados 217 artigos, sendo selecionados ao final cinco trabalhos que propõem ambientes u-learning cientes de contexto. Os trabalhos selecionados são apresentados, discutidos e analisados.;
5664;17;abstractEn;DIVERGE;Abstract. The purpose of u-learning environments is to continuously process the student’s actions through lifelong experiences, allowing the learning to accompany and adapt the student’s needs during life. Motivated by this scenario, this paper aims to present the state of the art in context-aware u-learning environments. For this, we explored a Systematic Literature Review. This review analyzes works published between 2012 and 2017. During the review process, we identified 217 papers and selected five papers that proposes context-aware u-learning environments. The selected papers are presented, discussed and analyzed.;
5665;18;abstractOrig;DIVERGE;Laboratórios virtuais são softwares educativos que permitem a simulação de atividades de laboratórios reais, motivando os alunos e reduzindo custos e perigos. Muitas informações sobre o uso são perdidas após uma atividade com um laboratório virtual. Este trabalho apresenta um instrumento para o registro da experiência docente no uso desses laboratórios. Como resultado, além do instrumento, tem-se a ferramenta VLEx, que reflete as experiências de uso, compondo uma infraestrutura capaz de tornar as informações registradas, geralmente descartadas, úteis para auxiliar na seleção de laboratórios virtuais.;
5665;18;abstractEn;DIVERGE;Virtual laboratories are educational software that allows the simulation of activities of real laboratories, motivating students and reducing costs and dangers. Many usage information is lost after an activity with a virtual lab. This paper presents an instrument for the registration of teachers experience in the use of these laboratories. As a result, in addition to the instrument, there is a web tool that reflects the experiences of use, composing an infrastructure capable of making the registered information, generally discarded, useful to assist in the selection of virtual laboratories.;
5666;19;abstractOrig;DIVERGE;Os Mapas Conceituais são uma excelente ferramenta para a organização, representação e construção do conhecimento, porém sua utilização frequente em sala de aula demanda muito tempo do professor e uma sobrecarga cognitiva. Este trabalho apresenta uma arquitetura tecnológica que visa apoiar o professor na utilização de mapas em sala de aula. Desenvolvida como um serviço web, faz uso de recursos de Processamento de Linguagem Natural como a ontologia Onto.pt e o Cogroo. A arquitetura endereça questões relacionadas ao processo de construção de mapas a partir de texto, análise comparativa de mapas e geração de mapa do domínio. Foi desenvolvido um protótipo que, testado, mostrou resultados favoráveis.;
5666;19;abstractEn;DIVERGE;Concept Maps are an excellent tool for the organization, representation and construction of knowledge, but their frequent use in the classroom demands a lot of time from the teacher and a cognitive overload. This work presents a technological architecture that aims to support the teacher in the use of maps in the classroom. Developed as a web service, it uses Natural Language Processing features such as Onto.pt and Cogroo. The approach addresses issues related to the process of constructing maps from text, comparing maps and generating the map of the domain. A prototype was developed that, when tested, showed favorable results.;
5667;20;abstractOrig;DIVERGE;Uma das principais dificuldades no ensino de algoritmos e estrutura de dados é a tradução da lógica abstrata do algoritmo, que o estudante compreende, para uma linguagem de programação, que o computador possa entender. Essa mudança de paradigma pode trazer certas dificuldades durante as primeiras implementações. Existem diversas alternativas para facilitar e intermediar esse processo. No entanto, a maioria delas foca na lógica e na concepção do algoritmo. O objetivo deste trabalho é apresentar uma nova opção para esse intermédio, através de uma ferramenta que traduz essa lógica em código, tornando essa mudança de paradigma mais gradual. Para isso, nós integramos a API Blockly do Google à plataforma URI Online Judge. Desta forma propomos uma valiosa ferramenta para o aluno, ajudando a tornar o processo de aprendizagem de programação mais dinâmico, gráfico e intuitivo.;
5667;20;abstractEn;DIVERGE;One of the main challenges while teaching algorithms and data structures is the transition from the abstract logic of the algorithm, which a student understands, to a programming language, that a computer can understand. This change in paradigm can be troublesome when coding an algorithm for the first time. Many alternatives provide different ways to smooth this process. However, most of these tools focus mainly on the logic of the program and the concept of the algorithm. The goal of this paper is to present a work that aims at providing a tool to translate the logic of an algorithm into an implementation, allowing a smooth transition between paradigms. To evaluate our proposal, we integrated the Blockly API from Google to the URI Online Judge platform. Therefore, we provide a valuable asset to the student, by making the learning to code into a more dynamic, visual, and interactive process.;
5668;21;abstractOrig;DIVERGE;A tarefa de avaliar e classificar o desempenho de estudantes integrantes do cenário de educação apoiada por tecnologia pode ser uma tarefa tediosa e propensa a erros. Fornecer feedback manual com base nessas avaliações pode comprometer o aprendizado desses estudantes. Em vista disso, vem-se adotando a automação dessas duas tarefas por meio da utilização de métodos computacionais disponíveis na literatura. De modo a identificar esses métodos, bem como os cenários em que são aplicados, este trabalho apresenta um mapeamento sistemático, que classifica 11 métodos e 4 cenários aplicáveis a esse contexto, distribuídos em 25 trabalhos, e categorizados em 3 tipos de estudos diferentes.;
5668;21;abstractEn;DIVERGE;The task of evaluating and classifying the performance of students who are part of the technology-supported education scenario can be a tedious and error-prone task. Providing manual feedback based on these assessments may compromise students' learning. In view of this, it is adopted the automation of these two tasks through the use of computational methods available in the literature. In order to identify these methods, as well as the scenarios in which they are applied, this paper presents a systematic mapping, which classifies 11 methods and 4 scenarios applicable to this context, distributed in 25 papers, and categorized into 3 different types of studies.;
5669;22;abstractOrig;DIVERGE;Resumo. Este trabalho descreve o processo de aprendizagem e formação discente, a partir do uso de metodologia criada para o desenvolvimento de softwares dentro da Escola de Programação do Laboratório de Inovação Tecnológica em Saúde - LAIS/UFRN, com base no método de aprendizagem baseada em problemas (ABP) do inglês PBL (Problem Based Learning). O objetivo é contribuir para o processo formativo da nova geração empreendedores sociais e futuros Engenheiros Biomédicos, Engenheiros Mecânicos, Engenheiros de Computação e Designers da Universidade Federal do Rio Grande do Norte - UFRN, de uma forma contextualizada e atendendo às demandas provenientes das áreas da informática em saúde, educação e gerenciamento de informações. O processo de desenvolvimento de software é dividido em etapas que contemplam reunião com o cliente, prototipagem, modelagem de banco de dados, processo de criação e implementação.;
5669;22;abstractEn;DIVERGE;Abstract: This work describes the learning process and student training based on the methodology developed for software development within the School of Programming of the Laboratory of Technological Innovation in Health (LAIS/UFRN), based on the problem-based learning (PBL) method. The objective is to contribute to the formative process of the new generation of social entrepreneurs and future Biomedical Engineers, Mechanical Engineers, Computer Engineers and Designers at the Federal University of Rio Grande do Norte (UFRN), in a contextualized way and addressing the demands coming from the areas of health informatics, education, and information management. The software development process is divided into steps that include meetings with the client, prototyping, database modeling, creation and implementation.;
5670;23;abstractOrig;DIVERGE;A educação mudou muito nos últimos tempos dentro e fora da escola tradicional onde acontece apenas uma parte da construção do conhecimento. A aprendizagem ocorre em tudo o que fazemos e advém das interações realizadas no âmbito de nossas ecologias cognitivas, que podem ser fomentadas para melhorar o processo construtivista de aprendizagem. Neste artigo apresentamos um pequeno recorte do panorama do estado atual da educação e para onde acreditamos que ele caminha, seguindo o pensamento de uma aprendizagem sem fronteiras. Dentro desse contexto, sugerimos ainda um framework conceitual relativo a um ambiente ubíquo para potencializar a aprendizagem.;
5670;23;abstractEn;DIVERGE;Education has changed a lot in recent times, inside and outside the traditional school, where only part of the construction of knowledge happens. Learning occurs in everything we do and comes from the interactions carried out within our cognitive ecologies, which can be fostered to improve the learning constructivist process. In this article we present an overview of a small cut of current state of education and where we believe it goes, following the idea of learning without frontiers. Within this context, we also suggest a conceptual architecture of a ubiquitous environment to enhance learning.;
5671;24;abstractOrig;DIVERGE;Resumo. Este artigo apresenta o SGeoL-Educ, uma plataforma integradora que alia georreferenciamento de dados de uma cidade a informações educacionais provenientes de diversas fontes. O SGeoL-Educ viabiliza a análise integrada, multidimensional e territorializada da educação escolar por meio de uma correlação dos dados de educação com informações do território onde as escolas estão inseridas, trazendo à tona informações que ficariam obscuras em uma visão clássica, unidimensional. A plataforma também permite visualizar informações sobre mapas, fazer consultas cruzando dados de diferentes fontes e espacializar resultados referentes a fatores de vulnerabilidades socioeducativas, notadamente aqueles mais significativos no contexto escolar sobre o território. O SGeoL-Educ foi instanciado para a cidade do Natal, Brasil, e integra informações provenientes de várias fontes: (i) dados geográficos da cidade, (ii) dados de segurança, e (iii) dados de desempenho e censo escolar fornecidos pela Secretaria de Educação do Rio Grande do Norte e pelo Instituto Nacional de Estudos e Pesquisas Educacionais (INEP).;
5671;24;abstractEn;DIVERGE;Abstract. This paper presents SGeoL-Educ, an integrating platform that combines georeferenced data of a city with educational information from several sources. SGeoL-Educ allows for an integrated, multidimensional and territorialized analysis of school education through a correlation of education data with information about the territory where schools are located, bringing to light information that would be obscure in a classic, one-dimensional view. The platform allows visualization of information on maps, making queries across data from different sources, and spatialize results regarding socio-educational vulnerability factors, especially the most significant ones in the school context over the territory. SGeoL-Educ was instantiated to the city of Natal, Brazil, and it integrates information from various sources: (i) geographical data of the city, (ii) security data, and (iii) school performance and census data provided by the Secretaria de Educação do Rio Grande do Norte and by the Brazilian National Institute for Educational Studies and Research (INEP).;
5672;25;abstractOrig;DIVERGE;Resumo. As equipes de desenvolvimento de software devem aplicar modelos que considerem aspectos específicos do domínio do problema, a fim de fornecer sistemas distribuídos confiáveis. Apesar de instituições de ensino superior aplicarem modelos conhecidos como o Processo de Estados Finitos (FSP), existem poucas ferramentas de apoio para o ensino destes modelos. Com o intuito de apoiar o ensino de FSP, foi desenvolvida a ferramenta fsp2java, que permite a validação do modelo gerado pelos alunos e geração de código Java. Este artigo apresenta o processo de desenvolvimento da ferramenta e sua avaliação experimental. Os resultados demonstram que a ferramenta tem potencial para futuramente atuar no ensino destes modelos.;
5672;25;abstractEn;DIVERGE;Abstract. Software development teams should apply models that consider specific aspects of the problem domain in order to provide secure and reliable distributed systems. Although higher education institutions apply well-known models such as the Finite State Process (FSP), there are few support tools for teaching these models. In order to support the teaching of FSP, the fsp2java tool was developed, which allows the validation of the model generated by the students and the generation of Java code. This paper presents the development process of the tool and its empirical evaluation. The results demonstrate that the tool has the potential to act in the future teaching of these models.;
5673;26;abstractOrig;DIVERGE;A participação em competições de informática possibilita aos alunos o desenvolvimento de aptidões que os auxiliam na sua vida escolar, melhorando o seu desempenho em outras disciplinas, além de promover o interesse em resolver problemas do dia a dia com artefícios computacionais. Entretanto, pouco se sabe quais as estratégias utilizadas nos treinamentos dos alunos laureados. Neste trabalho foram analisados dados de 163 medalhistas de olimpíadas de informática realizadas na Paraíba (OPI) em 2016 e 2017 usando entrevistas e survey. Os dois estudos identificaram aspectos importantes das práticas utilizadas para o bom desempenho desses participantes na competição, podendo influenciar outros participantes de olimpíadas a melhorarem seus desempenhos e, assim, expandirem seus conhecimentos nesse contexto.;
5673;26;abstractEn;DIVERGE;Attending computer science competitions aims at developing skills that contribute to the students' school life, improving their performance in other disciplines, and promoting interest in solving day-to-day problems with computer artifacts. However, little is known about the strategies used in the training of the laureate students. In this paper, we analyze data from 163 Informatics Olympics medalists from the Paraíba state in 2016 and 2017 using interviews and a survey. The two studies aimed at identifying the main practices that contributed to the good performance of the medalists which could influence other students to improve their own performances in this kind of competition and, thus, expand their potentials in Informatics.;
5674;27;abstractOrig;DIVERGE;"Este artigo apresenta uma abordagem para aumentar a precisão da avaliação automática de respostas curtas, utilizando a Taxonomia de Bloom como referência na formulação de questões. Buscamos abordar os aspectos semânticos relacionados às respostas por meio de WordNet e de modelos de Latent Semantic Analysis, que apoiaram a avaliação automática de respostas curtas, desde uma única frase até um parágrafo curto. As respostas de três questões respondidas por estudantes do ensino médio foram avaliadas automaticamente, apresentando alta correlação com a correção do professor (0,82; 0,91; 0,80). Além disso, verificou-se que a correção automática pode variar de acordo com o tipo de questão, o contexto de aplicação e a representatividade e concisão da resposta esperada.";
5674;27;abstractEn;DIVERGE;This paper presents an approach to enhance automatic short answer grading accuracy by using Bloom’s Taxonomy as a reference for questions formulation. We sought to address the semantic aspects related to the answer by using WordNet and Latent Semantic Analysis models, which supported automatic short answer grading with sizes ranging from a single sentence to a short paragraph. The responses for three questions answered by high school students were graded automatically, resulting in a high correlation with teacher grading (0.82, 0.91, 0.80). Another finding is that automatic correction might vary according to the type of question, the application context, and the representativeness and concision of the expected response. Introduction Research on automatic grading has become more relevant with the emergence of virtual learning environments. The computerized correction has numerous benefits. In addition to its low cost, it permits instant feedback and eliminates the work of manual corrections, allowing to assist an expressive number of students. Moreover, it qualifies the writing process, since teachers will have better use of their pedagogical time. During the school years, the student naturally passes through an evaluation process, which is continuous, cumulative and systematic. Even in the most modern pedagogical conceptions, the application of tests with questions of the discursive type has great relevance, since they evaluate the capacity of reading, interpretation, and writing. However, manual grading of many questions from the considerable number of students demands lots of time from teachers. This leads to a tendency to elaborate tests with only multiple-choice questions, which present limitations in the development of the teaching and learning processes. In multiple-choice questions formats, the answer is standardized and equal for all, that is, a proposition or a question presented is either true or false, and there is no possibility for questioning. According to Kleinke (2008), multiple-choice tests make the student seek only the right alternative, and assessments with discursive questions.;
5676;28;abstractOrig;DIVERGE;Um dos grandes desafios na concepção de cursos online é o processo de criação do conteúdo instrucional/educacional. A existência de discursos (de interação humano-computador e instrucional) difusos em cursos online pode comprometer a qualidade do curso, ao interferir no percurso instrucional ou na interação dos estudantes. A harmonização desses discursos é uma atividade complexa e, por consequência, um desafio de pesquisa. O design instrucional concebido sob uma perspectiva participativa entre os membros da equipe responsável pelo conteúdo pode favorecer a harmonização dos discursos durante a criação do curso. Nesse sentido, este artigo apresenta um framework conceitual de design instrucional distribuído e online, intermediado por artefatos para concepção de cursos MOOC. Esse processo foi avaliado durante a concepção de um curso com stakeholders geograficamente distribuídos.;
5676;28;abstractEn;DIVERGE;Abstract. One of the great challenges for design of online courses is the process of making instructional/educational content. Diffused (human-computer and instructional interaction) speeches in online courses may compromise the quality of the course, because it may interfere in the didactic proposal or student interaction. The harmonization of these discourses is a complex activity and consequently a research challenge. Instructional design conceived from a participatory perspective among the members of the content team may favor the harmonization of discourses during the creation of the course. In this sense, this article presents a conceptual framework of online and distributed instructional design, intermediated by artifacts for designing MOOC courses. This process was evaluated during the design of a course with stakeholders geographically distributed.;
5677;29;abstractOrig;DIVERGE;Resumo. Sistema de Gestão da Aprendizagem (SGA) são softwares utilizados nas atividades didáticas dos cursos na modalidade a distância, como também na modalidade presencial. Neste sentido, o presente trabalho apresenta a concepção e desenvolvimento de um componente de integração entre Sistemas de Gestão da Aprendizagem e um ambiente de aprendizagem ubíqua, Edubi, que faz uso da Youubi API. Com isso, é possível habilitar um leque de novas práticas, inclusive voltadas ao aprendizado informal. Para sua validação, foi realizado um estudo de caso com o SGA Moodle.;
5677;29;abstractEn;DIVERGE;Abstract. Learning Management Systems (LMS) are software used in didactic activities by courses in the distance modality, as well as in the face-to-face modality. However, the adoption of other digital tools and practices are discouraged because there is no integration with the LMS adopted by the institution. In this context, the present work presents the conception and development of an integration component between Learning Management Systems and a ubiquitous learning environment, Edubi, that uses the Youubi API. Therefore, it is possible to enable a range of new practices, including informal learning. For its validation, a case study was carried out with Moodle LMS.;
5678;30;abstractOrig;DIVERGE;Resumo. Este trabalho apresenta uma Revisão Sistemática da Literatura sobre a relação entre a Internet das Coisas e a Educação com Aprendizagem Colaborativa a partir da busca de artigos e estudos, em quatro bases de dados científicos, obedecendo a seguinte questão de pesquisa: “Quais soluções, criadas nos últimos 10 anos, aplicam na prática o conceito de Internet das Coisas na educação com Aprendizagem Colaborativa?”. Seguindo uma metodologia definida, encontrou-se 33 estudos finais que foram analisados e discutidos.;
5678;30;abstractEn;DIVERGE;This work presents a Systematic Literature Review on the relationship between the Internet of Things and Education with Collaborative Learning, based on searching articles and studies in four scientific databases, addressing the following research question: “What solutions created in the last 10 years have practically applied the Internet of Things in Education with Collaborative Learning?” Following a defined methodology, 33 primary studies were found and analyzed.;
5679;31;abstractOrig;DIVERGE;"Resumo. Com o objetivo de minimizar as dificuldades no processo de ensino e aprendizagem de programação, novas estratégias pedagógicas foram propostas. O Robomind é um exemplo; esse software educacional promove o aprendizado por meio do lúdico. Este trabalho busca oferecer evidências estatísticas sobre a efetividade dessa ferramenta, por meio de um experimento com 65 estudantes do ensino técnico integrado ao ensino médio. Os cálculos estatísticos não identificaram diferenças estatisticamente significantes (p-valor < 0,05) nos resultados de aprendizado entre o grupo de estudantes expostos à intervenção com o Robomind e o grupo sem intervenção. O cálculo do tamanho de efeito resultou em r = 0,08. Por outro lado, a ferramenta se mostrou adequada para minimizar evasões dos estudantes.";
5679;31;abstractEn;DIVERGE;Abstract. To minimize difficulties in programming learning, new pedagogical strategies were proposed. Robomind is an example, this educational software promotes learning through play. This study aims to provide statistical evidence about the pedagogical effectivity of this tool, through an experiment with 65 students from technical high school. Statistical test did not found significant result (p-value <0.05) in the learning outcomes among the group of students exposed to the intervention with Robomind and the non-intervention group. Effect size calculation resulted in r = 0.08. On the other hand, the tool proved to be adequate to avoid student evasion.;
5680;32;abstractOrig;DIVERGE;A diversidade de abordagens para avaliação de Software Educativo (SE) é uma realidade. Para favorecer a compreensão uniforme dos conceitos utilizados nesse processo, uma taxonomia de critérios de avaliação se mostra útil. Tendo em vista este objetivo, uma taxonomia de critérios para avaliação de SE foi concebida a partir de 14 abordagens descritas na literatura. Esta contempla aspectos de qualidade de uso e de software. A fim de verificar a adequação da referida taxonomia junto aos potenciais avaliadores de SE, 48 especialistas das áreas de Engenharia da Usabilidade e Engenharia de Software responderam a um questionário elaborado no escopo desta pesquisa. O retorno obtido permitiu realizar refinamentos na proposição inicial.;
5680;32;abstractEn;DIVERGE;The diversity of approaches to evaluation of Educational Software (SE) is a reality. In order to promote a uniform understanding of the concepts used in this process, a taxonomy of evaluation criteria is useful. In view of this objective, a taxonomy of criteria for SE evaluation was conceived from 14 approaches described in the literature. This includes aspects of quality of use and software. In order to verify the adequacy of the mentioned taxonomy with the potential evaluators of SE, 48 specialists from the areas of Usability Engineering and Software Engineering answered a questionnaire elaborated in the scope of this research. The feedback obtained allowed to make refinements in the initial proposition.;
5681;33;abstractOrig;DIVERGE;O processo de ensino-aprendizagem em salas de aula vem ganhando novas fronteiras com a introdução do conceito de Smart Classroom: salas de aula inteligentes e conscientes de contexto, que promovem a aprendizagem de forma ubíqua. Aliado a isso, o uso de dispositivos IoT possui uma grande variedade de propostas no contexto de Smart Classrooms, onde diversas aplicações de sistemas com novas tecnologias vêm sendo desenvolvidas nos últimos anos. Este artigo apresenta o resultado de uma Revisão Sistemática de Literatura onde são identificados diferentes sistemas que aplicam essas tecnologias e por meio desse estudo são reconhecidos paradigmas, perspectivas e abordagens referentes ao tema.;
5681;33;abstractEn;DIVERGE;The teaching and learning process in classrooms has been getting new frontiers with the introduction of a Smart Classroom concept: intelligent and context-aware classrooms that promote teaching and learning in a convenient and ubiquitous way. Allied with that, IoT devices have a great variety of ideas for use in Smart Classrooms, where several applications of systems have been contributing to the development of new Smart Classroom technologies. This paper outlines the results of a systematic literature review where different systems that use these technologies are identified, and in that study, different paradigms, perspectives, and approaches on the subject are recognized.;
5682;34;abstractOrig;DIVERGE;Resumo. Uma disciplina de produção de textos passou a ser ministrada com suporte de um AVA que disponibiliza quizzes online como avaliação formativa. O objetivo deste artigo é identificar quais atributos do comportamento do estudante, registrados no AVA, têm maior associação com o seu desempenho. Por meio de uma análise exploratória, examinou-se a associação entre as notas parciais e os atributos coletados pelo AVA. Observou-se que a média de notas nos quizzes tem correlação positiva com as notas dos trabalhos de produção de texto. Esse fato deve ser considerado pelo instrutor ao elaborar os quizzes.;
5682;34;abstractEn;DIVERGE;Abstract. A writing course was designed with the support of an LMS that provides online quizzes as formative assessment. The purpose of this article is to identify which attributes of student behavior, recorded in the LMS, have a significant association with their performance. Using an exploratory analysis, we examined the association between the performance in the partial marks and the LMS attributes. We observed that the average quiz marks have a positive correlation with exam marks. This fact should be considered by instructors when elaborating online quizzes.;
5683;35;abstractOrig;DIVERGE;Nos cursos da área da Computação, ensinar o tema de Sistemas Distribuídos apresenta muitos desafios relacionados, principalmente, ao conhecimento prévio dos alunos. Algumas novas abordagens de aprendizado surgiram e podem ajudar a melhorar os processos de ensino-aprendizado nesse cenário, como a Aprendizagem Adaptativa e Sala de Aula Invertida. Nesse contexto, o presente trabalho propõe uma abordagem que integra Aulas Invertidas com Aprendizagem Adaptativa para o auxílio do ensino da disciplina de Sistemas Distribuídos. É apresentado um estudo de caso aplicando a abordagem usando o G Suite em duas turmas de estudantes de Ciência da Computação.;
5683;35;abstractEn;DIVERGE;In Computer Science courses, teaching the subject of Distributed Systems presents many challenges mainly related to the students' prior knowledge. Some new learning approaches emerged and can assist to improve learning processes in this scenario, such as Flipped Classroom and Adaptive Learning. In this context, this work presents a proposal to integrate flipped classes with the aid of adaptive learning methods for helping the learning of Distributed Systems. We present a case study using G Suite applied to two classes of Computer Science students.;
5684;36;abstractOrig;DIVERGE;O aumento do uso de dispositivos móveis nos mais variados setores tem contribuído para modificar comportamentos sociais. No contexto educacional, dispositivos móveis têm modificado, de forma significativa, o processo de ensino e aprendizagem. No entanto, desafios como tamanho de tela e estrutura do conteúdo educacional ainda são enfrentados por professores e desenvolvedores de aplicativos. No sentido de minimizar os esforços de modelagem de conteúdo educacional para dispositivos móveis, este artigo apresenta uma proposta de modelagem de conteúdo educacional móvel, tendo como base a abordagem AIM-CID e a Engenharia Dirigida por Modelos (MDE). A título de ilustração, a modelagem proposta é aplicada e discutida no domínio de ensino de programação orientada a objetos.;
5684;36;abstractEn;DIVERGE;The increased use of mobile devices in various sectors has contributed to modify social behavior. In the educational context, mobile devices have significantly modified the teaching and learning process. However, challenges such as screen size and structure of educational content are still being faced by teachers and application developers. In order to minimize educational content modeling efforts for mobile devices, this paper presents a proposal for modeling mobile educational content based on the AIM-CID approach and Model Driven Engineering (MDE). By way of illustration, the proposed modeling is applied and discussed in the field of object-oriented programming teaching.;
5685;37;abstractOrig;DIVERGE;Resumo. A tecnologia tem apoiado professores em diversas áreas. O projeto de softwares educativos envolve o conhecimento do contexto de uso em que ele será inserido. No entanto, nem sempre as técnicas de projeto de softwares focam no envolvimento de seus usuários-alvo. Este artigo apresenta o projeto de uma aplicação para apoiar professores no ensino de inglês. O projeto foi desenvolvido utilizando uma metodologia de design participativo que sugere a experiência de uso como forma de coleta e exploração de ideias para projetar um sistema. Um protótipo de alta fidelidade foi produzido e avaliado. Como resultados, apresenta-se o processo de construção do aplicativo desde as ideias iniciais até as percepções finais dos usuários, depois do aplicativo estar pronto.;
5685;37;abstractEn;DIVERGE;Abstract. Technology has supported teachers in many areas. The design of educational software involves knowledge of the context of use in which it will be inserted. However, software design techniques do not always focus on engaging their target users. This article presents the project of an application to support educators in English teaching. The project was developed using a participatory design methodology that suggests the user experience as a way of collecting and exploring ideas to design a system. A high-fidelity prototype was produced and evaluated. As results, the paper presents the process of building the application from initial ideas to the final perceptions of users after the application was ready.;
5686;38;abstractOrig;DIVERGE;Resumo. O objetivo deste trabalho é desenvolver uma metodologia didático-pedagógica baseada em atividades interativas em ambientes de ensino mediados por tecnologia. A metodologia consiste em uma estrutura educativa baseada em atividades interativas que se integram por meio das tecnologias de informação e comunicação. O processo metodológico foi aplicado com o conteúdo de Física em turmas do 2º ano do ensino médio de cinco escolas do município de Manacapuru/AM. Os resultados sinalizam melhorias na estrutura da metodologia, além de servir para uma melhor readaptação dos métodos utilizados no ensino com mediação tecnológica ofertada pelo Sistema Educacional do Amazonas.;
5686;38;abstractEn;DIVERGE;Abstract. This work aims to develop a didactic-pedagogical methodology based on interactive activities in technology-mediated teaching environments. The methodology is based on interactive activities that are integrated through information and communication technologies. The methodological process was applied with Physics content in the second year of high school in five schools in the city of Manacapuru/AM. The results indicate improvements in the structure of the methodology, as well as readjustment of the methods used in teaching with technological mediation offered by the Amazonas Educational System.;
5687;39;abstractOrig;DIVERGE;O presente trabalho propõe uma metodologia para modelar gatilhos, mensagens motivacionais através de tecnologias ubíquas para que o usuário aprenda novos comportamentos. Para validar o modelo, desenvolvemos um estudo de caso focado no uso lógico-racional dos recursos de energia elétrica. A identificação do perfil motivacional do usuário possibilita a organização de mensagens motivacionais que, quando enviadas na forma e no momento adequados, podem potencializar o processo de aprendizagem ubíqua que, neste trabalho, está relacionada à educação ambiental.;
5687;39;abstractEn;DIVERGE;The present study proposes a methodology to model motivational triggers through ubiquitous technologies. These triggers can help users to learn new behaviors. The model is validated through a case study focused on the logical-rational use of electric energy resources. The identification of the users' motivational profile enables the organization of motivational messages that, when sent in the right way and at the right time, can enhance the ubiquitous learning process that, in this work, is related to environmental education.;
5688;40;abstractOrig;DIVERGE;"Resumo. A motivação pode influenciar diretamente na decisão do usuário em utilizar ou não um sistema de informação. Existem diversos modelos para avaliar o uso e a aceitação de tecnologias, mas aspectos motivacionais não são totalmente explorados na maioria. O objetivo deste trabalho foi identificar os fatores e o tipo de motivação que influenciam o uso e a aceitação de um ambiente virtual de aprendizagem. Foi utilizado o Modelo TAM3 (Technology Acceptance Model 3) e a Teoria da Autodeterminação em um survey em uma universidade privada. Os resultados confirmam que os alunos se encontram mais motivados extrinsecamente do que intrinsecamente e que, ao longo do curso, vão se sentindo mais desmotivados. 1. Introdução Por ser a “peça-chave” das atividades humanas, a motivação vem sendo objeto de estudo em diversas áreas de conhecimento. No contexto dos Sistemas de Informação, a motivação pode influenciar diretamente a satisfação do usuário e, consequentemente, a sua decisão de utilizar ou não um determinado sistema. Um estudo realizado por Delone e Mclean (2003) mostrou que “Motivação” e “Modelo de Uso e Aceitação de Tecnologias” estão intimamente ligados aos Sistemas de Informação, uma vez que o ""uso levará a uma maior satisfação do usuário, da mesma forma que o aumento da satisfação do usuário levará ao aumento da intenção de usar e, assim, usar."" DOI: 10.5753/cbie.sbie.2018.378 378 Anais do XXIX Simpósio Brasileiro de Informática na Educação (SBIE 2018) VII Congresso Brasileiro de Informática na Educação (CBIE 2018)";
5688;40;abstractEn;DIVERGE;Abstract. Motivation may directly influence users’ decisions about whether using or not an information system. There exist many models for evaluating use and acceptance of technology, but motivational aspects are not fully exploited in most of them. The objective of this work was to identify factors and the motivation type that influence the use and acceptance of a Virtual Learning Environment. We employed TAM3 (Technology Acceptance Model 3) and Self-Determination Theory in a survey in a private university. Results evidence that students are more extrinsically than intrinsically motivated and that their motivation decreases as the course progresses.;
5689;41;titleOrig;DIVERGE;Uma abordagem de design para MOOC: investigação da articulação do design instrucional e de interação;Uma abordagem de design para MOOC: investigação da articulação do design instrucional & de interação
5689;41;abstractOrig;DIVERGE;MOOC é um acrônimo para Massive Open Online Course, uma modalidade de educação online que oferece cursos gratuitos a diversos públicos, com diferentes idades, formações e nacionalidades. Acredita-se que abordagens de design que integrem design de interação com o design instrucional podem favorecer a comunicabilidade em MOOC. Nesse sentido, este artigo apresenta resultados parciais de um Mapeamento Sistemático de Literatura (MSL), cujo objetivo foi identificar estudos e pesquisas referentes a processos de design de interação e de design instrucional aplicados à MOOC. Os resultados encontrados apontam para a existência de desafios de pesquisa de articulação teórica e metodológica entre o design de interação e design instrucional em MOOC. Os resultados apresentados neste artigo guiarão uma abordagem híbrida de design (design de interação articulado ao design instrucional) focalizada em MOOC.;
5689;41;abstractEn;DIVERGE;MOOC is an acronym for Massive Open Online Course, an online education modality that offers free courses to diverse audiences with different ages, backgrounds and nationalities. It is believed that design approaches that integrate interaction design with instructional design may enhance communicability in MOOC. In this sense, this article presents partial results of a Systematic Literature Mapping (SLM), whose objective was to identify studies and research related to processes of interaction design and instructional design applied to MOOC. The results found point to the existence of research challenges of theoretical and methodological articulation between interaction design and instructional design in MOOC. The results presented in this article will guide a hybrid design approach (articulated interaction design of instructional design) focused on MOOC.;
5690;42;abstractOrig;DIVERGE;Este artigo tem como objetivo apresentar os resultados de uma aplicação em sala de aula de uma proposta de ensino que enfatiza a interacção com o computador e expõe os estudantes mais cedo a tarefas práticas de programação, tomando a teoria da aprendizagem significativa de Ausubel como pano de fundo. Os dados foram coletados por meio de registros de observação em sala durante a aplicação, e documentos oficiais como os diários de classe dos professores da disciplina (pesquisador e titular) e suas avaliações. A análise qualitativa dos dados coletados indicou que a proposta de abordagem desenvolvida pode contribuir no processo de ensino/aprendizagem de programação.;
5690;42;abstractEn;DIVERGE;This article aims to present the results of a classroom application of a teaching proposal that emphasizes interaction with the computer and exposes students earlier to practical programming tasks, taking Ausubel's theory of meaningful learning as a backdrop. The data were collected through observations in class during the application, and official documents such as the discipline's class diaries (the researcher and the titular teacher) and their evaluations. The qualitative analysis of the data collected indicated that the proposed approach can contribute to the programming teaching/learning process.;
5691;43;abstractOrig;DIVERGE;Resumo. Este artigo apresenta uma investigação através do Design Science Research (DSR) acerca do uso da Teoria da Aprendizagem Experiencial (TAE) em um curso de modelagem de sistemas com UML. A DSR pressupõe a geração de conhecimento através do desenvolvimento de artefatos. Assim, o artefato desenvolvido foi o CD2Sys, um framework de geração de sistemas Web a partir de diagramas de classes UML. Foi desenvolvido um estudo experimental em uma turma de Análise e Projeto de Sistemas na Universidade Federal do Amazonas. Como resultados, além do artefato desenvolvido, tem-se a aceitação da tecnologia desenvolvida como instrumento de experimentação de modelos em tempo real em sala de aula.;
5691;43;abstractEn;DIVERGE;Abstract. This paper presents an investigation about the use of Experiential Learning Theory (APT) in a system modeling course with UML. The investigation was performed according to the Design Science Research (DSR) approach that presupposes the generation of knowledge through the development of artifacts. Thus, the artifact developed was CD2Sys, a framework for generating Web systems from UML classes diagrams. An experimental study was conducted in a Systems Analysis and Design course in the Federal University of Amazonas. As a result, in addition to the developed artifact, there is the acceptance of the developed technology as an instrument for experiencing software models in real time in the classroom.;
5692;44;abstractOrig;DIVERGE;Resumo. Este artigo apresenta os resultados de uma Revisão Sistemática da Literatura (RSL) sobre a aplicação da Computação Desplugada no contexto do ensino-aprendizagem de programação e/ou desenvolvimento de habilidades do Pensamento Computacional (PC). A pesquisa foi realizada a partir da análise das publicações realizadas nos últimos 5 anos nos principais meios científicos brasileiros relacionados à Informática e Educação: SBIE, RBIE, RENOTE, WCBIE, WIE, WEI e SBGAMES. Os resultados reportados descrevem o público-alvo, a motivação, os recursos e métodos empregados no processo de ensino-aprendizagem, bem como os mecanismos utilizados na avaliação e possíveis vantagens e/ou limitações das abordagens.;
5692;44;abstractEn;DIVERGE;Abstract. This article shows the results of a Systematic Review of Literature (RSL) on the application of Computer Science Unplugged in the context of teaching-learning programming and/or development of Computational Thinking (CT) skills. The research was carried out from the analysis of the publications carried out in the last 5 years in the main Brazilian scientific means related to Informatics and Education: SBIE, RBIE, RENOTE, WCBIE, WIE, WEI and SBGAMES. The results reported describe the target audience, motivation, resources and methods used in the teaching-learning process, as well as the mechanisms used in the assessment, and possible advantages and/or limitations of the approaches.;
5693;45;abstractOrig;DIVERGE;Resumo. Neste trabalho descrevemos uma Arquitetura Pedagógica para representar Portfólios Digitais de Aprendizagem que são usados para o registro sistemático de impressões e reflexões acerca de determinados temas, bem como para marcar o esforço e progresso individual e coletivo na construção do conhecimento. Utilizamos como estudo de caso em situação real os portfólios digitais implementados através de blogs em um curso de Pedagogia a Distância ofertado por uma instituição federal de ensino superior. Enfatizamos a elicitação de requisitos para o suporte computacional necessário, buscando orientar o projeto e desenvolvimento de ações da mesma natureza.;
5693;45;abstractEn;DIVERGE;Abstract. In this paper we describe a Pedagogical Architecture to represent Digital Learning Portfolios used for the systematic recording of impressions and reflections about certain topics as well as for indicating individual and collective effort and progress in knowledge construction. As a case study we have used digital portfolios implemented through blogs, adopted in a real-life Pedagogy course offered through distance learning by a federal higher education institution. We emphasize the elicitation of the computing support requirements, aiming at guiding the design and development of products of the same nature.;
5694;46;abstractOrig;DIVERGE;Diversos estudos relatam que processos de ensino-aprendizagem inovadores são geralmente auxiliados por tecnologia, em especial pelo uso de softwares. A identificação dos determinantes de inovação para a educação apoiada por software pode ser usada para melhor orientar o desenvolvimento, avaliação e seleção de softwares para este propósito. Este trabalho apresenta o resultado de um mapeamento sistemático da literatura considerando estudos relacionados a fatores de inovação em softwares voltados para a educação. A partir do conjunto de 146 estudos analisados, 17 destes foram selecionados por serem mais relevantes ao tema pesquisado.;
5694;46;abstractEn;DIVERGE;Several studies report that innovative teaching-learning processes are usually aided by technology, especially using software. The identification of innovation drivers for software-supported education can be used to better guide the development, evaluation and selection of software for this purpose. This work then presents the result of a literature systematic mapping considering studies related to innovation factors in software aimed at education. From the set of 146 studies analyzed, 17 of these were selected because they were more relevant to the researched topic.;
5695;47;abstractOrig;DIVERGE;A cultura digital tem propiciado um ambiente favorável à migração de modelos transmissivos de ensino para concepções e práticas de aprendizagem ativa. A possibilidade do uso integrado de diferentes mídias, a comunicação e criação cooperativa de artefatos, digitais ou não, viabiliza a proposição de novas concepções de aprendizagem. Embora já se tenha a fundamentação teórica para dar sustentação às inovações, falta-nos a disponibilidade de ambientes adequados à construção desses novos espaços. Neste trabalho, partimos do estudo de algumas arquiteturas pedagógicas usadas em um curso de formação de professores para conceber um framework que ofereça suporte à materialização desses espaços.;
5695;47;abstractEn;DIVERGE;Digital culture has provided an environment conducive to the migration of transmissive models of teaching to conceptions and practices of active learning. The possibility of the integrated use of different media, the possibilities of communication and the cooperative creation of artifacts, digital or not, makes possible the proposition of new conceptions of learning. Although we already have the theoretical basis to support the innovations, we lack the availability of suitable environments for the construction of these new spaces. In this work, we start from the study of some architectures used in a course to train reflective teachers to design a framework to support the materialization of these spaces.;
5696;48;abstractOrig;DIVERGE;Em makerspaces educacionais ferramentas como cortadora a laser e impressora 3D tornam-se aliadas da aprendizagem uma vez que permitem tornar concreto aquilo que antes só existia no plano das ideias e das possibilidades. É preciso, porém, que a atividade na qual os sujeitos se engajem tenha por objetivo não apenas a construção do artefato, mas também a reflexão sobre as atividades e seus resultados. Dessa forma, propomos uma Arquitetura Pedagógica, sustentada pela epistemologia de Jean Piaget, que utiliza a fabricação digital como suporte tecnológico para a construção do conhecimento.;
5696;48;abstractEn;DIVERGE;In educational makerspaces, tools such as laser cutters and 3D printers become important resources for the learning process because they can give form and functionality to abstract ideas. It’s necessary to highlight that the reflective process is as important as the fabrication activity, because it will improve learners' awareness. Considering that, we propose an educational framework based on Jean Piaget's epistemology, which explores digital fabrication tools to support knowledge construction.;
5697;49;abstractOrig;DIVERGE;O objetivo deste trabalho é apresentar uma descrição do desenvolvimento de um jogo digital, com intuito de melhorar a capacidade de triagem de crianças, identificando sinais de dislexia em avaliações das habilidades cognitivas preditoras do desenvolvimento da leitura. O jogo é uma adaptação do “Teste de Habilidades Preditoras da Leitura”, um instrumento psicométrico construído e validado no Brasil. O jogo é administrado por um algoritmo de seleção adaptativa de itens e projetado para mensurar as habilidades de aliteração, segmentação, memória visual e rima por meio da Teoria de Resposta ao Item. Como resultado, o trabalho evidencia a importância do uso de elementos de jogos associados a avaliação adaptativa informatizada e as suas condições efetivas na aplicabilidade.;
5697;49;abstractEn;DIVERGE;The objective of this paper is to present a description of the development of a digital game to improve the screening capacity of children in identifying dyslexia signs in assessments of the cognitive abilities predictive of reading development. The game is an adaptation of the “Teste de Habilidades Preditoras da Leitura”, a psychometric instrument built and validated in Brazil. The game is administered by an adaptive item selection algorithm and designed to measure the skills of alliteration, segmentation, visual memory and rhyme using Item Response Theory. As a result, the paper highlights the importance of using game elements in computerized adaptive assessment and the effective applicability conditions.;
5698;50;abstractOrig;DIVERGE;Jogos educacionais são ótimas ferramentas usadas em sala de aula, promovendo aos estudantes diversas experiências de aprendizado. No desenvolvimento de jogos educacionais é necessário conhecer o perfil dos estudantes e suas necessidades. Os processos existentes para o desenvolvimento de jogos não revelam ao mesmo tempo os perfis e necessidades dos estudantes. O objetivo desse trabalho é a criação de um artefato que apoie a elicitação de requisitos para o desenvolvimento de um jogo educacional. Para este fim, foi adotada a metodologia de Design Science. Assim, foi elaborado um artefato baseado em questionário e na técnica de personas. Uma avaliação foi conduzida com intuito de investigar a eficácia do artefato. Os resultados demonstraram que com base no artefato, é possível identificar requisitos funcionais e não-funcionais para jogos educacionais.;
5698;50;abstractEn;DIVERGE;Educational games are great tools used in the classroom for promoting diverse learning experiences. In the educational games development, it is necessary to know the students profile and also their needs. The existing processes for game development do not elicit both the profiles and the students’ needs. This research aims to create an artifact that supports the elicitation of requirements for the educational game development. For this, we adopted the Design Science methodology. Thus, an artifact based on questionnaire and personas technique was developed. We conducted an evaluation to investigate the effectiveness of the artifact. The results demonstrate that based on the artifact, it is possible to identify functional and non-functional requirements for educational games.;
5699;51;abstractOrig;DIVERGE;Resumo. Este artigo descreve uma metodologia para o uso de ferramentas lúdicas amparada pela Computação Desplugada como processo de ensino-aprendizagem para a Educação Básica oriundo das atividades do projeto de pesquisa Logitamente, cujo propósito é estudar e buscar alternativas para a construção de um processo de ensino-aprendizagem gamificado que vise contribuir para a inserção de novos métodos e melhoria do rendimento escolar no contexto das Ciências Exatas sob a ótica do Pensamento Computacional. Considerando o cenário escolar brasileiro, foram construídos objetos de aprendizagem com materiais acessíveis para trabalhar a inserção de habilidades como montagem de sequências lógicas, lógica de programação, criptografia, entre outros. Ao final, foi possível identificar melhorias significativas no rendimento escolar dos estudantes atendidos.;
5699;51;abstractEn;DIVERGE;Abstract. This article describes a methodology for the use of playful tools supported by unplugged computing as a teaching-learning process for Basic Education from the activities of the Logically project. Logically, the purpose of this study is to study and seek alternatives for the construction of a teaching-learning process, which seeks to contribute to the insertion of new methods and improvement of school performance in the context of Exact Sciences from the perspective of Computational Thinking. Considering the Brazilian school scenario, learning objects were constructed with accessible materials to work the insertion of skills such as assembly of logical sequences, programming logic, cryptography, among others. In the end, it was possible to identify significant improvements in the school performance of students.;
5700;52;abstractOrig;DIVERGE;No contexto da educação na saúde, cada vez mais se busca ferramentas que possam contribuir para facilitar o aprendizado dos futuros profissionais de saúde. O uso de jogos tem sido visto com bons olhos para tentar resgatar a atenção do aluno, muitas vezes distraído por um mundo cada vez mais conectado e interativo. O presente artigo propõe um ambiente 3D como ferramenta de apoio ao treinamento de estudantes de medicina no diagnóstico médico. Os estudantes analisam pacientes através de sintomas informados por intermédio de texto e visíveis em seus avatares. A usabilidade da ferramenta foi avaliada através da metodologia Technology Acceptance Model, com potenciais usuários, alcançando resultados bastante positivos, indicando um grande potencial para alcançar seus objetivos.;
5700;52;abstractEn;DIVERGE;In a health educational context, increasingly seeking tools that can assist the learning process of future health professionals. The use of games is usually believed to be an efficient means to try to gather students’ attention, who are often distracted by an increasingly connected and interactive world. This paper proposes a 3D environment as a support tool to the training of medical students in medical diagnosis. Students analyze patients through symptoms informed by text and visible in their avatars. The usability of the tool was assessed through the Technology Acceptance Model methodology, with potential users, reaching very positive results, indicating a great potential to reach its objectives.;
5701;53;abstractOrig;DIVERGE;Este artigo tem por objetivo auxiliar na coleta, seleção e organização das informações sobre as dificuldades que podem ser encontradas na aplicação da estratégia de gamificação. A intenção deste mapeamento é elencar as principais dificuldades, que são relatadas por pesquisadores que utilizaram desta estratégia, bem como as possíveis formas de superação. Ao todo foram encontrados 4.617 trabalhos. Ao aplicar os critérios de inclusão e exclusão, 27 trabalhos foram selecionados para uma leitura minuciosa, o que levou à rejeição de 12 e à aceitação de 15. Com esse mapeamento, pode-se verificar que é necessário um melhor planejamento na aplicação da estratégia de gamificação, com o intuito de oferecer melhor interação entre os participantes.;
5701;53;abstractEn;DIVERGE;This paper aims to help in the collection, selection and organization of information about the difficulties that can be encountered in the application of gamification strategy. The intention of this mapping is to list the main difficulties, which are reported by researchers who used this strategy, as well as possible ways of overcoming. Altogether 4,617 articles were found. When applying the inclusion and exclusion criteria, 27 papers were selected for a thorough reading which led to rejection of 12 and acceptance of 15. With this mapping, it was possible to verify that a better planning is required in the application of the gamification strategy, with the intention to offer better interaction among the participants.;
5702;54;abstractOrig;DIVERGE;Resumo. Este trabalho descreve a avaliação da aplicação de jogos como metodologia para o ensino de conceitos de programação em uma disciplina introdutória à programação. Para isso, foram empregados seis jogos na disciplina. Tais jogos foram avaliados em um estudo qualitativo, conduzido com alunos da disciplina, baseado no modelo de avaliação de jogos Meega+. Os resultados mostraram que os participantes do estudo avaliam que os jogos contribuíram para a aprendizagem deles na disciplina.;
5702;54;abstractEn;DIVERGE;Abstract. This work describes an evaluation of the use of serious games as a methodology for teaching programming concepts in an introductory programming course. Six games were used in this discipline. These games were evaluated in a qualitative study, conducted with students of the course, based on the Meega+ games evaluation model. The results showed that the participants of the study felt that the games contributed to their learning in the course.;
5703;55;abstractOrig;DIVERGE;Resumo. Este artigo apresenta o Laboratório de Robótica Educacional (LERO) que tem como objetivo apoiar o ensino de Lógica de Programação e Robótica, para estudantes de diferentes faixas etárias. O LERO é um sistema Web extensível e adaptável. O caráter extensível se refere à capacidade do sistema incorporar blocos de programação representando novas funcionalidades utilizando o próprio ambiente de desenvolvimento do LERO. O caráter adaptável se refere à capacidade de servir a diferentes públicos, tanto no que se refere a experiência em lógica de programação, quanto à habilidade de programar robôs.;
5703;55;abstractEn;DIVERGE;Abstract. This paper introduces the Remote Laboratory for Educational Robotics (LERO) that aims at supporting the teaching and learning process of Programming and Robotics skills of students at different ages. LERO is a Web-based, adaptable and extensible environment. The term extensible is used to characterize the ability of the system to incorporate programming blocks with new functionalities using the LERO development environment itself. The term adaptable illustrates the feature to serve a diverse audience with varied level of knowledge and experience, both in terms of programming logic and robotics.;
5704;56;abstractOrig;DIVERGE;O ensino de programação faz parte da formação acadêmica básica em Computação e áreas afins. Diversas técnicas e ferramentas são concebidas para apoiar o ensino-aprendizagem de disciplinas de programação, como a utilização de jogos digitais. Este artigo tem como objetivo replicar uma revisão sistemática da literatura (RSL) referente a 2008-2012, e apresentar uma nova RSL sobre a utilização de jogos digitais focada no ensino de programação para iniciantes em Computação no nível superior no Brasil, abrangendo 2013-2017. Foram comparados os resultados obtidos em ambos os períodos da última década e identificadas quais ferramentas e teorias pedagógicas são aplicadas para o ensino-aprendizagem de programação.;
5704;56;abstractEn;DIVERGE;The teaching of programming is part of the basic academic training in Computer Science and related areas. Several techniques and tools have been developed to support the teaching-learning process of programming, such as digital games. This paper aims to replicate a systematic literature review (SLR) covering 2008-2012, and present a new SLR regarding the use of digital games focused on teaching programming for beginners in Informatics at the higher education in Brazil covering 2013-2017. We compared the SLRs’ results in the last decade and identified which tools and pedagogical theories are applied in teaching-learning of programming.;
5705;57;abstractOrig;DIVERGE;Um ambiente de ensino virtual tangível integra as tecnologias de realidade virtual e interfaces tangíveis. São conhecidas as vantagens educacionais do uso de tais dispositivos em espaços educativos, mas sua integração é um aspecto ainda a ser explorado especialmente considerando os desafios da educação inclusiva. Neste contexto, o foco de atenção centra-se em aprendizagens mais complexas que envolvem os conceitos científicos a partir de atividades mediadas. Este trabalho apresenta uma pesquisa que busca analisar a construção de um ambiente de ensino inovador capaz de integrar tecnologias tangíveis e realidade virtual aplicado ao ensino de Ciências numa perspectiva inclusiva, com alunos com déficits na comunicação.;
5705;57;abstractEn;DIVERGE;A tangible virtual learning environment integrates virtual reality technologies and tangible interfaces. The educational advantages of using such devices in educational settings are well known, but their integration is an aspect still to be explored especially considering the challenges of inclusive education. In this context, the attention is focused on more complex learning that involves the scientific concepts from mediated activities. This work presents a research that seeks to analyze the construction of an innovative teaching environment capable of integrating tangible technologies and virtual reality applied to science teaching in an inclusive perspective, with students with communication deficits.;
5706;58;abstractOrig;DIVERGE;Resumo. No Brasil, a população idosa (60 anos ou mais) cresceu 4,8 milhões de 2012 até 2017. Com o aumento da expectativa de vida, é importante criar aplicações para que idosos continuem a aprender e consigam acompanhar as mudanças. Este artigo tem como objetivo verificar as contribuições que o idoso poderia fornecer no processo de desenvolvimento de jogos educacionais para sua faixa etária, caso o Design Participativo fosse utilizado. Adotando uma metodologia qualitativa, a coleta de dados baseou-se em entrevistas e a análise de dados, no Diagrama de Afinidade. Os resultados demonstram que os idosos podem contribuir e devem ser envolvidos no processo de desenvolvimento de jogos educacionais que atendam às suas necessidades.;
5706;58;abstractEn;DIVERGE;Abstract. In Brazil, the elderly population (60 years or more) grew by 4.8 million from 2012 to 2017. With the increased life expectancy, it is important to create applications for older people to continue to learn and be able to keep up with the changes. This article aims to verify the contributions that the elderly could provide in the process of developing educational games for their age group if Participatory Design was used. Adopting a qualitative methodology, data collection was based on interviews and data analysis, in the Affinity Diagram. The results show the elderly can contribute and should be involved in the process of developing educational games that meet their needs.;
5707;59;abstractOrig;DIVERGE;This work describes an empirical, educational and technological research conducted within the context of Brazilian formal literacy education problems. The main purpose of the research was to address the question of whether research-specific software for mobile devices could improve disadvantaged children's reading-related variables. In this regard, z-Reader, a mobile game suite for reading and storytelling, was developed and validated by means of an experiment with children attending Second and Third grades in a Brazilian public school. Results include positive inferential findings for children's reading skills improvement and book reading frequency.;
5707;59;abstractEn;DIVERGE;This work describes an empirical, educational and technological research conducted within the context of Brazilian formal literacy education problems. The main purpose of the research was to address the question of whether research-specific software for mobile devices could improve disadvantaged children's reading-related variables. In this regard, z-Reader, a mobile game suite for reading and storytelling, was developed and validated by means of an experiment with children attending Second and Third grades in a Brazilian public school. Results include positive inferential findings for children's reading skills improvement and book reading frequency.;
5708;60;abstractOrig;DIVERGE;Este artigo apresenta uma ferramenta de ensino e aprendizagem customizável chamada LogEasy++, que foi desenvolvida como forma de expandir as funcionalidades de um aplicativo móvel gamificado previamente desenvolvido para ensinar lógica proposicional, o LogEasy. O objetivo do desenvolvimento do LogEasy++ foi produzir uma infraestrutura de suporte para a aplicação existente que permitisse a expansão desta através da customização dos conteúdos a ser ensinados utilizando o aplicativo. Para alcançar este objetivo, foi aplicado um conjunto de tecnologias web, incluindo a tecnologia de serviços web.;
5708;60;abstractEn;DIVERGE;This paper presents a customizable teaching and learning tool called LogEasy++, which was developed as a scope expansion of an existing gamified mobile app designed to teach Propositional Logic, called LogEasy. The objective behind the development of LogEasy++ was to produce a support infrastructure for the existing application which allows its expansion through the customization of the contents to be taught in the app. In order to achieve that, a set of web services and other web development technologies were applied.;
5709;61;abstractOrig;DIVERGE;A produção de jogos educativos é uma atividade que motiva os alunos a aprenderem os diversos conteúdos curriculares envolvidos nesse processo. Porém, criar jogos exige uma curva de aprendizado significativa para não desenvolvedores o que pode ser um grande desafio tanto para professores como para alunos. Um jogo educativo eficaz certamente é resultado da concepção de um game design bem elaborado. Assim, é significativo escolher estratégias técnicas e pedagógicas que deem suporte a elaboração do game design do jogo. Esse artigo apresenta uma revisão sistemática da literatura a respeito das estratégias utilizadas na concepção de game design de jogos educativos. Os resultados mostram que dos 40 estudos primários, 16 foram incluídos nesse trabalho e apenas 03 apresentam alguma estratégia específica para o desenvolvimento de jogos educativos.;
5709;61;abstractEn;DIVERGE;The production of educational games motivates students to learn the various curricular contents involved in this process. However, creating games requires a meaningful learning curve for non-developers, which can be a major challenge for both teachers and students. An effective educational game is certainly the result of designing a well-crafted game design. Thus, it is significant to choose technical and pedagogical strategies that support the elaboration of the game design. This article presents a systematic review of the literature on the strategies used in the game design of educational games. Results show that of the 40 primary studies, 16 were included in this study and only 03 present some specific strategy for the development of educational games.;
5710;62;abstractOrig;DIVERGE;"Este artigo apresenta um jogo educacional, suas extensões, aplicação e avaliação sob a perspectiva do Pensamento Computacional. Para isto são relacionados os elementos do jogo a um grupo de habilidades consideradas parte do Pensamento Computacional. Conclui-se que o jogo possui relações significativas, principalmente com as habilidades de: coleta e análise de dados; e algoritmos e procedimentos.";
5710;62;abstractEn;DIVERGE;"This paper presents an educational game, its extensions, its application and evaluation, from a Computational Thinking perspective. For this, the game elements are related to a set of skills which are part of the Computational Thinking. We conclude that the game has a significant relationship, especially with the skills: data collection and analysis; and algorithms and procedures.";
5711;63;abstractOrig;DIVERGE;Robots and interactive devices are being successfully applied in education to increase the students' cognitive experience and, consequently, their learning rate. However, there is a lack of social robots with adaptive skills that can be easily programmed. In this paper, a Graphical User Interface to create, perform and evaluate educational activities with autonomous robots is presented. The interface runs in a system that provides adaptation and personalization through open source techniques for autonomous analysis and recognition of speech, focus deviation and facial emotions. During the activity execution, the adaptive algorithm detects students' body signals and verbal responses to adapt the addressed content to harder or easier questions. After creating and running an activity, all sessions' evaluation and information can be accessed for visual analysis, as well as students' preferences throughout the interaction.;
5711;63;abstractEn;DIVERGE;Robots and interactive devices are being successfully applied in education to increase the students' cognitive experience and, consequently, their learning rate. However, there is a lack of social robots with adaptive skills that can be easily programmed. In this paper, a Graphical User Interface to create, perform and evaluate educational activities with autonomous robots is presented. The interface runs in a system that provides adaptation and personalization through open source techniques for autonomous analysis and recognition of speech, focus deviation and facial emotions. During the activity execution, the adaptive algorithm detects students' body signals and verbal responses to adapt the content to more difficult or easier questions. After creating and running an activity, all sessions' evaluation and information can be accessed for visual analysis, as well as students' preferences throughout the interaction.;
5712;64;abstractOrig;DIVERGE;Resumo. Jogos educacionais são uma estratégia inovadora para o ensino. Todavia é necessário avaliá-los para obter evidências sobre os benefícios de sua adoção. O MEEGA+ é um modelo para avaliar jogos educacionais usados no ensino de computação e analisa a experiência e percepção de aprendizagem do ponto de vista de alunos e instrutores. Apesar de fornecer modelos e planilhas predefinidas, não existe uma ferramenta de apoio que compreenda todo o processo de avaliação. Este artigo apresenta o Assistant MEEGA+, uma ferramenta web de apoio ao MEEGA+. Uma avaliação do Assistant MEEGA+ por instrutores e profissionais interessados no desenvolvimento e avaliação de jogos educacionais indicou resultados positivos em relação à utilidade, facilidade e intenção de usar a ferramenta. Os resultados encorajam a avaliação de jogos educacionais e a adoção da ferramenta.;
5712;64;abstractEn;DIVERGE;Educational games are an innovative approach for teaching. It is necessary to evaluate games to obtain evidence about the benefits of adopting them. MEEGA+ is a model for evaluating games used for teaching computer science and analyses the experience and perception about learning from the point of view of students and instructors. Although providing templates and predefined spreadsheets, there is not a comprehensive tool providing support for the complete evaluation process. This paper presents the Assistant MEEGA+, a web support tool for MEEGA+. An evaluation of the Assistant MEEGA+ by instructors and professionals interested in developing and evaluating educational games indicated positive results for the usefulness, ease of use and intention to use the tool. The results encourage the educational games evaluation and the Assistant MEEGA+ adoption.;
5713;65;abstractOrig;DIVERGE;Educational possibilities using Augmented Reality (AR) have been increasingly recognized by researchers and practitioners. This work aims to characterize teachers who currently use AR and understand their needs, expectations and limitations. Seven teachers and two coordinators were interviewed to understand what tools they are using, as well as why and how they were used. Data have shown that this use is still limited. Content creation was even more limited. We observed the need for authoring tools that are more user-friendly and enable both teachers and students to create content independently, as well as to evaluate learning in more flexible ways.;
5713;65;abstractEn;DIVERGE;Educational possibilities using Augmented Reality (AR) have been increasingly recognized by researchers and practitioners. This work aims to characterize teachers who currently use AR and understand their needs, expectations and limitations. Seven teachers and two coordinators were interviewed to understand what tools they are using, as well as why and how they were used. Data have shown that this use is still limited. Content creation was even more limited. We observed the need for authoring tools that are more user-friendly and enable both teachers and students to create content independently, as well as to evaluate learning in more flexible ways.;
5714;66;abstractOrig;DIVERGE;Este artigo descreve um relato de experiência a partir de projetos de aprendizagem que nascem de dúvidas e certezas provisórias, num contexto gamificado, com estudantes do ensino superior. A pesquisa caracteriza-se como fenomenológica e de cunho exploratório. Como resultado deste trabalho verifica-se a possibilidade do PAG como proposta didático-metodológica a ser desenvolvida no contexto escolar.;
5714;66;abstractEn;DIVERGE;This article describes an experience report from learning projects that arise from doubts and provisional certainties, in a gamified learning context, with higher education students. The research is characterized as phenomenological and exploratory. As a result of this work, the possibility of PAG as a didactic-methodological proposal to be developed in the school context is verified.;
5715;67;abstractOrig;DIVERGE;Resumo. Este artigo tem como objetivo apresentar uma revisão sistemática de pesquisas e aplicações da realidade aumentada em livros infantis. Para isso, foi realizado um levantamento bibliográfico nas principais bases internacionais no período de 2012 a 2017. Para a pesquisa, foram selecionados 21 estudos que abordam o tema. Os resultados das análises confirmam o caráter lúdico e imersivo proporcionados pela tecnologia RA, colaborando no desenvolvimento da aprendizagem de crianças durante as práticas de leitura.;
5715;67;abstractEn;DIVERGE;Abstract. This article aims to present a systematic review of research and applications of augmented reality in Children's books. A bibliographical survey was carried out in the main international databases in the period from 2012 to 2017. For this purpose, 21 researches were selected for the analyzes. The results confirm the playful and immersive character provided by AR technology, collaborating in the learning performance of children during reading practices.;
5716;68;abstractOrig;DIVERGE;Resumo. A pesquisa em Pensamento Computacional (PC) cresce na última década, embora a identificação e mapeamento das habilidades associadas ainda seja uma questão em aberto. Este artigo apresenta um processo que emprega uma técnica estatística para nortear o mapeamento de habilidades de PC por meio de questões em uma prova. Durante o processo, análise de redes foi aplicada em um banco de respostas de 15 questões que demandam PC na resolução, mas que não necessitam de conhecimento prévio em programação. Os resultados apontaram que as questões endereçam mais de uma habilidade no processo de resolução e que podem ser agrupadas pelas habilidades em comum. Ademais, a habilidade mais explorada nas questões foi pensamento algorítmico.;
5716;68;abstractEn;DIVERGE;Abstract. Research on Computational Thinking (CT) has grown in the last decade, although the identification and mapping of the associated abilities remains an open question. This article presents a process that uses a statistical technique to guide the mapping of CT abilities through questions in a test. During the process, network analysis was applied to a dataset of 15 CT questions that require CT in problem solving but do not require prior knowledge in programming. The results indicated that the questions address more than one ability in the problem-solving process and can be grouped by the common abilities. Moreover, the most explored ability in the questions was algorithmic thinking.;
5717;69;abstractOrig;DIVERGE;Avaliar Pensamento Computacional (PC) é uma questão de pesquisa em aberto, principalmente pela complexidade de se avaliar habilidades cognitivas. Embora a competição Bebras seja uma iniciativa para estimular PC, ainda não sabemos sua adequação para mensurar PC. Neste estudo exploratório, investigamos se as questões produzidas para a competição Bebras podem ser usadas para avaliação de PC explorando outro recurso estatístico de análise de itens. Mais especificamente, o objetivo deste estudo é explorar parâmetros psicométricos estimados pela Teoria de Resposta ao Item (TRI) para avaliar as questões elaboradas pelo Bebras. Dentre os parâmetros estimados, comparamos a classificação de dificuldade das questões fornecida pelos organizadores do Bebras com o resultado apontado pela TRI. Para atingir esses objetivos, coletamos dados dentro do contexto do primeiro semestre de cursos de Computação. Aplicamos uma prova Bebras para uma amostra de 126 alunos ingressantes em cursos de Computação de duas universidades. Os parâmetros da TRI para os itens foram estimados a partir do banco de respostas obtido e os resultados são moderados a altos na discriminação, e fáceis a de dificuldade média. No entanto, as questões analisadas não apresentam um nível adequado de confiabilidade para serem usadas como instrumento de medida.;
5717;69;abstractEn;DIVERGE;Abstract. Evaluating Computational Thinking (CT) is a research gap, mainly due to the complexity of assessing cognitive abilities. Although the Bebras Challenge is an initiative to stimulate CT, we still do not know its reliability to measure CT. In this exploratory study, we investigated whether the tasks produced for the Bebras Challenge can be used to assess CT using the Item Response Theory. The results showed that the tasks have not only moderate and high discrimination but also easy and medium difficulty levels. However, the analyzed tasks do not present an adequate level of reliability to be used as a measuring instrument.;
5718;70;abstractOrig;DIVERGE;Resumo. Este artigo apresenta o MD Investigações, um jogo educacional para auxiliar no processo de aprendizagem de lógica e silogismo, tema de diversas disciplinas de cursos de Ciência da Computação, em especial Matemática Discreta, cujo índice de retenção é alto. O MD Investigações é um Recurso Educacional Aberto (REA), onde a história do jogo é simples e instigante, utilizando o tema lúdico de investigações. A história se desenvolve sob a perspectiva de um aluno que teve seu professor raptado e precisa resolver uma série de quebra-cabeças utilizando raciocínio lógico, para poder encontrá-lo. O processo de desenvolvimento do jogo foi o design, proposto dentro do contexto da Interação Humano Computador. O público alvo são os alunos dos primeiros períodos do curso de Ciência da Computação, onde normalmente a disciplina de Matemática Discreta é ministrada. Agradecimentos: O presente trabalho foi realizado com apoio da Coordenação de Aperfeiçoamento de Pessoal de Nível Superior - Brasil (CAPES) - Código de Financiamento 001, NEAD/UFSJ, CNPq e FAPEMIG. DOI: 10.5753/cbie.sbie.2018.675 675 Anais do XXIX Simpósio Brasileiro de Informática na Educação (SBIE 2018) VII Congresso Brasileiro de Informática na Educação (CBIE 2018) , 1. Introdução Segundo levantamento feito pela Organização para a Cooperação e Desenvolvimento Econômico1 realizado em 2016, 14% da população brasileira possuía o ensino superior, sendo esta uma margem baixa perante a média de 35% dos demais países avaliados pela organização. Entretanto, entre 2006 e 2016, as matrículas na educação superior aumentaram 62,8%, com uma média anual de 5% de crescimento [INEP, 2016]. Ainda segundo o Censo da Educação Superior de 2016, o número de matrículas na modalidade a distância cresceu ainda mais, atingindo quase 1,5 milhão em 2016, o que representava 18,6% do total de matrículas da educação superior. O crescimento da modalidade de ensino a distância resulta em um impacto direto sobre a iniciativa pública e privada que passam a ser pressionadas a atender uma crescente demanda por um modelo de educacional dinâmico, colaborativo, descentralizado, flexível [Okada, 2013]. Dentre as formas que surgiram em decorrência da procura de novas maneiras de aprendizado temos os Recursos Educacionais Abertos (REAs). Um REA pode ser qualquer material destinado ao ensino, pesquisa e aprendizado que esteja sob domínio público ou licenciado de maneira aberta, permitindo que os mesmos sejam adaptados e utilizados por terceiros [UNESCO, 2002]. Apesar de originalmente propostos para o cenário de ensino a distância, atualmente os REAs são utilizados nos mais diferentes contextos de ensino, abordando conteúdos de várias áreas, tanto a distância quanto presencial. REAs são verdadeiras contribuições que as experiências de ensino a distância trouxeram para o ensino presencial. Um exemplo é apresentado por [Amiel, 2014] que em seu trabalho busca analisar o papel dos recursos educacionais no ensino básico, com enfoque na área de história. Outro bom exemplo do alcance que REAs tem alcançado é a utilização dos mesmos como suporte também no ensino superior, onde os alunos buscam aprofundar mais nos conteúdos e a variedade de tipos de recursos é vista como uma possibilidade de realizar esse aprofundamento. Os REAs têm sido propostos para diferentes áreas do ensino superior com o objetivo de reduzir altas taxas de evasão. O problema de evasão universitária tem gerado prejuízos financeiros, sociais e acadêmicos, tanto para as Instituições Federais de Ensino Superior (IFES) quanto para os alunos [Da Cunha et al. 2016]. Na lista dos cursos de maior evasão em todo mundo estão àqueles relacionados a ciências exatas, tais como Ciência da Computação, Matemática e as Engenharias. Dessa forma, iniciativas que visam ampliar a possibilidade de aprendizagem nesses cursos são essenciais. Assim, nesse contexto, este trabalho apresenta um REA na forma de um jogo que auxilia no processo de desenvolvimento de raciocínio lógico, inserido no contexto da disciplina de Matemática Discreta, normalmente ministrada nos primeiros períodos do curso de Ciência da Computação. Trata-se de uma disciplina do ciclo básico, fundamental para as diversas subáreas da computação, que apresenta um alto índice de retenção. O jogo utiliza uma temática lúdica apresentando diversos problemas que precisam ser resolvidos utilizando lógica e silogismo, cujo objetivo principal é criar 1 http://www.oecd.org/ 676 Anais do XXIX Simpósio Brasileiro de Informática na Educação (SBIE 2018) VII Congresso Brasileiro de Informática na Educação (CBIE 2018);
5718;70;abstractEn;DIVERGE;Abstract. This article presents the “MD Investigations”, an educational game to aid in the learning process of logic and syllogism, subject of several courses in Computer Science, especially in Discrete Mathematics, whose retention rate is high. The MD Investigações is an Open Educational Resource (OER), where the story of the game is simple and thought-provoking, using the playful theme of investigations. The story develops from the perspective of a student who had his teacher kidnapped and, to be able to find him, needs to solve a series of puzzles using logical reasoning. The game development process is the “Design”, proposed in the Human Computer Interaction context. The target audience are the students in the beginning of the Computer Science course, where Discrete Mathematics is a common subject.;
5719;71;abstractOrig;DIVERGE;O presente artigo descreve o processo de desenvolvimento de um jogo de estratégia matemática, intitulado “Robô Euroi”. Este tem como objetivo promover o desenvolvimento do pensamento computacional por meio da aprendizagem matemática. O jogo possui estruturas que permitem a aquisição de conhecimentos de forma implícita e utiliza-se de desafios lógicos para criar um ambiente imersivo ligado ao storytelling. Diante da dificuldade em localizar metodologias específicas para esse processo, utilizou-se uma fusão entre modelos de desenvolvimento de software, o Game Design Document – GDD, além de uma sequência didática baseada na Teoria da Carga Cognitiva, Teoria da Aprendizagem Multimídia e o Construtivismo.;
5719;71;abstractEn;DIVERGE;The present article describes the process of development of a strategy-math game called “Robô Euroi.” This game aims to promote the development of computational thinking through mathematics learning. The game has implicit knowledge acquisition structures and uses logical challenges to create an immersive environment connected to storytelling. Facing difficulties in locating specific methodologies for this process, a fusion between software development models was used, namely the Game Design Document (GDD), together with a didactic sequence based on Cognitive Load Theory, the Theory of Multimedia Learning, and Constructivism.;
5720;72;abstractOrig;DIVERGE;"Resumo. Este artigo relata o processo de desenvolvimento do jogo de propósito educacional ""O Livro do Conhecimento"", com a finalidade de exercitar a ortografia em língua portuguesa de forma ludificada, motivando os jogadores a vencer os desafios propostos. É um jogo eletrônico de plataforma, estilo ação-aventura, que pretende auxiliar o usuário no processo de aprendizagem em ortografia. O software foi desenvolvido por meio da ferramenta Construct2 e seguiu o modelo de desenvolvimento ágil. Está fundamentado na Teoria Cognitiva de Aprendizagem e Multimídia (TCAM) e no processo de aprendizagem ativa, no que tange o desenvolvimento da interface e o método indicado para aplicação. Testes preliminares apontam que o jogo elaborado pode gerar impactos positivos e potencializar a aprendizagem.";
5720;72;abstractEn;DIVERGE;"Abstract. This article reports on the process of development of the educational purpose game ""The Knowledge Book"", whose objective is to exercise spelling in Portuguese in a ludified way, motivating the players to overcome the proposed challenges. It is an electronic platform game, action-adventure style, whose purpose is to assist the user in the process of spelling learning. The software was developed using the game engine tool Construct2 and followed the agile development model. It is based on the Cognitive Theory of Learning and Multimedia (TCAM) and Active Learning, with regard to the development of the interface and the method indicated for its application. Preliminary tests indicate that the developed game can generate positive impacts and enhance learning.";
5721;73;abstractOrig;DIVERGE;"Este artigo relata o processo de desenvolvimento de um jogo de aventura, para plataformas móveis, ""A Viagem"", cujo objetivo é proporcionar ao jogador conhecimentos sobre o território brasileiro: divisão política (Estados e suas Capitais), bandeiras, brasões, etc. O processo de desenvolvimento foi ágil, seguido um ciclo de software educacional experimental próprio, com a finalidade de avaliar a aplicação da Teoria de Aprendizagem à engenharia do jogo. O substrato teórico de Aprendizagem empregado é ativo e exploratório, sendo seu design visual baseado na Teoria Cognitiva da Aprendizagem Multimídia. Os resultados das avaliações aplicadas foram positivos, nas medidas de aprendizagem, testes de software, e medidas de engajamento.";
5721;73;abstractEn;DIVERGE;"This article relates the process of development of an adventure game designed for mobile, ""A Viagem"", which has the objective of proportioning to the player knowledge about Brazilian territory: political division (states and capitals), flags, coat of arms and more. The process of development was agile, followed by a round of own experimental educational software, with the aim of evaluating the application of the learning theory to the game's engineering. The theoretical substrate applied is exploratory, having its design based on Cognitive Theory of Multimedia Learning. The results of the applied evaluations were positive, in the measures of learning, software testing, and measures of engagement.";
5722;74;abstractOrig;DIVERGE;One of the most researched topics in Education 4.0 is the use of robotics in education. In this paper, we performed a case study related to skills developed for Education 4.0 through robotics activities, without involving competition. Students followed the process suggested by LEGO Education Maker and answered a self-assessment questionnaire about their developed skills and participated in a focus group. The teacher also reported her perceptions about the developed skills. We performed a qualitative analysis and the results indicated that robotics activities helped students to develop some skills, but it is still necessary to propose new approaches that will support students more in robotics activities.;
5722;74;abstractEn;DIVERGE;One of the most researched topics in Education 4.0 is the use of robotics in education. In this paper, we performed a case study related to skills developed for Education 4.0 through robotics activities, without involving competition. Students followed the process suggested by LEGO Education Maker and answered a self-assessment questionnaire about their developed skills and participated in a focus group. The teacher also reported her perceptions about the developed skills. We performed a qualitative analysis and the results indicated that robotics activities helped students to develop some skills, but it is still necessary to propose new approaches that will support students more in robotics activities.;
5723;75;abstractOrig;DIVERGE;A geração procedural de conteúdo (PCG) trata da criação automática de conteúdos como texturas, sons, fases de jogos através de algoritmos. Assim, a PCG contribui para a criação de novas fases sem que haja a necessidade de intervenção humana. Com isso, a pesquisa busca fazer uso das técnicas de PCG para a criação de fases de jogos educativos que requeiram do jogador atingir certos objetivos pedagógicos ao longo do jogo. Para isso, propomos uma abordagem de geração em três etapas. Além disso, esta abordagem foi aplicada usando uma técnica de PCG baseada em gramática. Através dessa abordagem, apresentamos como gerar fases jogáveis fazendo a união de jogos de entretenimento com objetivos pedagógicos.;
5723;75;abstractEn;DIVERGE;Procedural content generation (PCG) is the automatic creation of game contents, such as textures and levels. Thus, PCG contributes to the creation of new game levels without the need for human intervention. Thus, the research seeks to make use of PCG techniques for the level creation of educational games that require the player to achieve certain pedagogical goals throughout the game. For this, we propose a three-stage generation approach. Besides, this approach was applied using a grammar-based PCG technique. Through this approach, we show how to generate playable phases by joining entertainment games for educational purposes.;
5724;76;abstractOrig;DIVERGE;Resumo. A utilização de jogos educacionais vem recebendo especial atenção nas diversas áreas do conhecimento. Dentre as razões para seu emprego no apoio à educação destaca-se o aspecto lúdico, que pode motivar o aprendiz a se engajar nas atividades didáticas. Neste trabalho é relatada uma pesquisa realizada nas publicações da comunidade de Informática na Educação, nos últimos dez anos, que identificou quase seiscentos trabalhos utilizando jogos digitais na educação. Entretanto, a ampla maioria concentra-se na apresentação de artefatos, tendo sido identificados apenas onze artigos que analisaram a aprendizagem decorrente do uso da ferramenta no ensino de matemática.;
5724;76;abstractEn;DIVERGE;Abstract. The use of educational games has gained special attention in the different areas of knowledge. Among the reasons for their use in education is the ludic aspect, which may motivate learners to engage in the didactic activities. This work presents a study conducted in the repository of the Brazilian Community of Informatics in Education. It identified almost six hundred papers using games in education in the last ten years. However, most of them focused on artifact presentation. Only eleven papers analyzed learning effectiveness associated with using educational games in mathematics.;
5725;77;abstractOrig;DIVERGE;Uma preocupação frequente entre estudantes e professores que trabalham com robótica educacional é sobre os resultados obtidos por meio de atividades práticas. Atualmente, as instituições de ensino e as competições de robótica educacional carecem de mecanismos que possam avaliar o desempenho de robôs móveis programados pelos alunos. Neste trabalho, apresentamos uma solução tecnológica que utiliza visão computacional para avaliar os movimentos do robô móvel, comparando com os critérios estabelecidos para o desafio. Os experimentos mostraram que o método adotado é eficaz em ambientes com iluminação constante. E os questionários apontaram que esta solução pode motivar professores e alunos.;
5725;77;abstractEn;DIVERGE;A frequent concern among students and teachers working with educational robotics is on the results obtained through practical activities. Currently, educational institutions and robotics competitions lack mechanisms that can evaluate the performance of mobile robots programmed by students. In this work, we present a technological solution that uses computational vision to evaluate the movements of the mobile robot, comparing with the established criteria for the challenge. The experiments showed that the method adopted is effective in environments with constant illumination. And the questionnaires pointed out that this solution can motivate teachers and students.;
5726;78;abstractOrig;DIVERGE;Resumo. Este artigo apresenta MOSS, uma ferramenta integrada ao MARS para o ensino/aprendizado de Sistemas Operacionais (SO). Além dela, foram propostas atividades sobre gerenciamento de processos e gerenciamento de memória as quais foram realizadas por voluntários que cursaram SO em diferentes semestres. A quantidade de acerto dos voluntários nas atividades e avaliação feita por eles sobre a ferramenta e as atividades validam a metodologia proposta.;
5726;78;abstractEn;DIVERGE;This paper presents MOSS, an integrated MARS tool for teaching and learning Operating Systems (OS). In addition, activities were proposed to process management and memory management, which were carried out by volunteers who attended OS in different periods. The amount of volunteers' success in the activities and their evaluation of the tool and activities validated the proposed methodology.;
5727;79;titleOrig;DIVERGE;Raciício Computacional e Jogos Digitais: categorias e mecânicas;Raciocínio Computacional e Jogos Digitais: categorias e mecânicas
5727;79;abstractOrig;DIVERGE;Resumo. Diversos pesquisadores consideram a importância de o Raciocínio Computacional ser apresentado e desenvolvido desde os primeiros anos da educação básica e, atém disso, que os jogos digitais podem ser um dos veículos para apresentá-lo às crianças em idade escolar. Todavia, antes de se desenvolver novas soluções de jogos para esse fim, é importante reconhecer como de fato os jogos podem contribuir ao desenvolvimento do Raciocínio Computacional, bem como identificar quais habilidades têm sido trabalhadas. Nesse sentido, este artigo apresenta a síntese dos resultados de um mapeamento sistemático, cujo objetivo foi identificar como os jogos digitais possono ser usados para o desenvolvimento das habilidades do Raciocínio Computacional. Foi possível identificar alguns jogos utilizados para estimular o desenvolvimento de habilidades de Raciocínio Computacional, assim como as mecânicas usadas por esses jogos.;
5727;79;abstractEn;DIVERGE;Abstract. Several researchers consider that it is important to introduce and develop Computational Thinking from the earliest years of basic education. Some of them believe that digital games may be one of the resources for it. However, before developing new game solutions for this purpose, it is important to recognize how games can actually contribute to the development of Computational Thinking, as well as to identify which skills have been worked on. In this sense, this article presents the synthesis of a systematic mapping, whose objective was to identify how digital games can be used to develop Computational Thinking skills. It was possible to identify some games used to stimulate the development of Computational Reasoning skills, as well as the mechanics used by these games.;
5728;80;abstractOrig;DIVERGE;Resumo: O ensino de programação introdutória em cursos técnicos e superiores possui problemas de alta taxa de evasão e reprovação. Para minimizar esse problema, pesquisas propõem introduzir a robótica pedagógica em sala de aula. Entretanto, identificamos que há poucos kits no mercado que visam atender esse público. Assim, este artigo tem o objetivo de apresentar o desenvolvimento de um kit de robótica pedagógica, denominado Roboto Pi, projetado para auxiliar o ensino de introdução à programação para alunos de cursos técnicos e superiores na área de Computação. O kit de RP Roboto Pi não exige que os alunos tenham conhecimento prévio em eletrônica básica. Além disso, ele implementa uma solução de software que facilita a utilização dos sensores empregando a linguagem de programação Python. Python foi a linguagem escolhida porque possui diversas vantagens em relação a outras linguagens, como portabilidade, sintaxe clara, tipagem dinâmica, multiparadigma, extensa biblioteca de funções e feedback imediato [Miller 2004].;
5728;80;abstractEn;DIVERGE;Introductory programming classes have high rates of attrition and failure. To minimize this problem, research proposes introducing robotics in the classroom. However, there are few robotics kits available for undergraduate students. Thus, this paper presents the development of a pedagogical robotics kit, called Roboto Pi, designed to assist teaching introductory programming to undergraduate students in Computing programs. The Roboto Pi kit does not require prior knowledge of basic electronics. In addition, it implements a software solution that facilitates sensor usage using the Python programming language. Python was chosen because it offers several advantages over other languages, such as portability, clear syntax, dynamic typing, multiparadigm, and an extensive library of functions with immediate feedback.;
5729;81;abstractOrig;DIVERGE;Resumo. Como os jogos se tornaram uma das formas de entretenimento mais populares, eles também se provaram recursos educacionais eficazes. No entanto, como esse meio costuma enfatizar aspectos visuais, pessoas com deficiência visual muitas vezes não conseguem utilizá-los. Assim, o objetivo deste estudo é propor uma solução de design para um jogo da memória multiplataforma voltado a pessoas com e sem deficiência visual. Para isso, são analisados estudos sobre soluções de design para jogos de memória acessíveis em diferentes plataformas. Uma proposta de design é apresentada, baseada nessas soluções, bem como em diretrizes de acessibilidade e jogabilidade. Por fim, um protótipo de baixa fidelidade é utilizado para testar a interação de um jogador com deficiência visual.;
5729;81;abstractEn;DIVERGE;Abstract. As games have risen as one of the most popular forms of entertainment, they have also been proved to be good educational resources. However, because this media often focuses on the visual aspects, people with visual impairments are often unable to make use of them. Thus, the aim of this study is to propose a design solution of a multiplatform memory game that targets people with and without visual impairments. For this, studies on design solutions for accessible memory games on different platforms are analysed. A design proposal is presented, which is based on these solutions, as well as on guidelines of accessibility and playability. Finally, a low fidelity prototype is used to test the interaction of a visually impaired player.;
5730;82;abstractOrig;DIVERGE;Resumo. Considerando-se as potencialidades dos jogos digitais educacionais e a necessidade de um recurso diferenciado para o desenvolvimento da competência intercultural de aprendizes de língua espanhola, esta pesquisa apresenta o jogo digital educacional El Mochilero, desenvolvido como proposta para um ensino interativo, lúdico e motivador que alia Informática na educação em uma proposta de ensino híbrido. Apresenta também procedimentos de avaliação do jogo e resultados obtidos, os quais denotam que o software foi considerado exitoso para seus fins.;
5730;82;abstractEn;DIVERGE;Abstract. Considering the potential of educational digital games and the need for a differentiated resource for the development of intercultural competence of Spanish-speaking learners, this research presents the educational digital game El Mochilero, developed as a proposal for interactive, playful and motivating teaching that combines Informatics in Education in a hybrid teaching proposal. It also presents procedures for evaluating the game and the results obtained, which denote that the software was considered successful for its purposes.;
5731;83;titleOrig;DIVERGE;Gamificação de um Sistema de Juiz Online para Motivar Alunos em Disciplina de Programação Introductória;Gamificação de um Sistema de Juiz Online para Motivar Alunos em Disciplina de Programação Introdutória
5731;83;abstractOrig;DIVERGE;Resumo. Este artigo apresenta um sistema de juiz online gamificado desenvolvido com o objetivo de motivar e engajar estudantes iniciantes no aprendizado de programação e reduzir os altos índices de reprovação em disciplinas introdutórias de programação. O sistema foi aplicado em onze turmas de diferentes cursos de engenharia e ciências exatas da Universidade Federal do Amazonas ao longo de um período letivo. Por meio de análises quantitativas, verificou-se um aumento no desempenho e na taxa de aprovação nas turmas que utilizaram o juiz online gamificado em relação às turmas do ano anterior, que utilizaram o sistema sem gamificação.;
5731;83;abstractEn;DIVERGE;Abstract. This paper presents a gamified online judge system that aims to engage and motivate beginner students in programming learning, in addition to minimize high levels of fail rate in disciplines of introduction to programming. Eleven classes of different courses of engineering and exact sciences from Federal University of Amazonas used this system over a semester. By means of quantitative analyses, we noticed that there was an increase in performance and approval rate for classes that applied the gamified online judge compared to classes of the previous year, with the non-gamified online judge.;
5732;84;abstractOrig;DIVERGE;Este artigo descreve uma investigação realizada com estudantes do nono ano do Ensino Fundamental de uma escola estadual paulista pertencente ao Programa Ensino Integral. Os dados foram registrados por meio da gravação de áudio e vídeo, da captura da tela dos notebooks que os estudantes utilizaram, bem como dos registros escritos por eles, e referem-se ao trabalho com o significado do resto da divisão euclidiana que surgiu na atividade de construção e programação de um semáforo. Ao analisar os dados produzidos, podemos evidenciar que a atividade com kits de robótica potencializou o desenvolvimento do Pensamento Computacional e ambos contribuíram para a compreensão do conteúdo matemático trabalhado.;
5732;84;abstractEn;DIVERGE;The article describes a research carried out with students of the ninth grade of elementary school from a state school in. The data were recorded through audio and video recording, screen capture of the notebook used by the students, as well as the records written by them and are related to the work of the Euclidean division that emerged in the construction and programming activity of a traffic light. When analyzing the produced data, we can show that the activity with robotic kits potentiated the development of Computational Thinking and both contributed to the understanding of the mathematical content worked.;
5733;85;abstractOrig;DIVERGE;Dado um contexto em que a Neurociência e a Educação formam uma tríade com a tecnologia buscando proporcionar processos de aprendizado mais efetivos e ludificados, este artigo apresenta resultados do projeto criativo de um game impulsionador do discurso narrativo e ressalta a importância do estudo das Metáforas e da Semiótica para representação de conceitos durante a construção de uma interface.;
5733;85;abstractEn;DIVERGE;Given a context in which neuroscience and education form a triad with technology to provide more effective and gamified learning processes, this article presents results from the creative project of a game that promotes narrative discourse and emphasizes the importance of the study of metaphors and semiotics for the representation of concepts during the construction of an interface.;
5734;86;abstractOrig;DIVERGE;O presente trabalho aborda a tecnologia aplicada à educação a partir de um jogo digital de ditado. Nesse contexto, o objetivo deste trabalho é auxiliar a aprendizagem da escrita e da ortografia de crianças do Ensino Fundamental I, abordando o benefício que a atividade tradicional do ditado traz ao ser inserida no contexto tecnológico. Dessa forma, o artigo descreve o desenvolvimento do jogo, bem como sua aplicação e sua avaliação. Como resultados, destaca-se o aprimoramento da escrita, além da motivação, do engajamento e do interesse do aluno pela atividade do ditado.;
5734;86;abstractEn;DIVERGE;This work approaches technology applied to education from a digital dictation game. In this context, the goal of this work is to assist the learning of writing and orthography of elementary school students, addressing the benefit that the traditional dictation activity brings when inserted into the technological context. In this way, the article describes the development of the game, as well as its application and evaluation. As a result, the improvement of writing, in addition to motivation, engagement and the students' interest in the dictation activity, stands out.;
5735;87;abstractOrig;DIVERGE;Este artigo tem como objetivo descrever a aplicação de um teste de usabilidade de um Serious Game, idealizado para a aprendizagem nas instituições de ensino superior. Pesquisas foram realizadas com alunos dos cursos de saúde, os quais ajudaram a comprovar o efeito direto no aperfeiçoamento das funções cognitivas, como memória, atenção, percepção, entre outras. O estudo baseou-se em uma abordagem qualitativa e quantitativa, com caráter exploratório e também estatístico. O teste de usabilidade foi realizado por 15 voluntários com um protótipo do jogo em uma faculdade no Recife, Brasil. A partir dos resultados gerados, podemos entender e implementar melhorias que podem ser feitas para uma maior identificação e interação do usuário com o jogo proposto.;
5735;87;abstractEn;DIVERGE;This article aims to describe the process of producing a serious educational game, idealized for learning in institutions of higher learning. Research was done with students of the health courses, which helped to prove direct performance in the improvement of cognitive functions such as memory, attention, perception, among others. The tests were based on a qualitative and quantitative approach, with an exploratory and also statistical character. The usability test was performed by 15 volunteers with a game prototype at a college in Recife, Brazil. From the generated results, we can understand and execute improvements that can be made to a greater identification and interaction of the user with the proposed game.;
5736;88;abstractOrig;DIVERGE;Frameworks têm sido usados no desenvolvimento de jogos para reduzir tempo e custo. Entretanto, não há muitos frameworks para o desenvolvimento de jogos educacionais. Neste artigo são revisados e comparados os principais frameworks para desenvolvimento de jogos educacionais, publicados nos últimos anos. O resultado é a comparação de 13 frameworks em relação à aplicação, ensino, ciclo de vida, elementos pedagógicos e de jogabilidade.;
5736;88;abstractEn;DIVERGE;Frameworks have been used in game development to reduce time and cost. However, there are not many frameworks for the development of educational games. This article compares the main frameworks for the educational games development, published in the last years. The result is the comparison of 13 frameworks in relation to the characteristics of application, life cycle, pedagogical and gameplay elements.;
5737;89;abstractOrig;DIVERGE;"Resumo. Algumas disciplinas consideradas mais difíceis, como Estruturas de Dados, possuem altos índices de reprovação. Muitos estudantes possuem dificuldades para iniciar o desenvolvimento da estrutura proposta. Além disso, é necessário um reforço extra de aula para conseguir uma melhor compreensão do conteúdo abordado em sala de aula; no entanto, manter os alunos motivados a realizar essa tarefa se torna a cada dia um trabalho árduo para o docente. Nesse sentido, este trabalho apresenta a ferramenta TesterDS que possui a proposta de facilitar e estimular o aprendizado de Estruturas de Dados a fim de que os alunos tenham um melhor aproveitamento da disciplina. Para tal, TesterDS utiliza conceitos de Desenvolvimento Dirigido a Testes e Gamificação.";
5737;89;abstractEn;DIVERGE;Abstract. Some courses that are considered more difficult, such as Data Structures, have a high failure rate. Many students have difficulties even starting to develop the proposed structure. Furthermore, extra effort after class is required to achieve a better understanding of the content addressed in the classroom. However, keeping the students motivated to accomplish this task becomes a hard work for the teacher day by day. In this sense, this work presents TesterDS, a tool that has the proposal of facilitating and stimulating the learning of Data Structures in order to obtain a better understanding of the course by the students. For this, TesterDS uses concepts of Test-Driven Development and Gamification.;
5738;90;abstractOrig;DIVERGE;Os jogos educativos digitais são apontados como uma boa ferramenta educacional quando utilizados em sala de aula. No entanto, nem sempre é possível para o professor conseguir jogos que se adequam ao perfil educacional que deseja, tornando muitas vezes inviável a sua utilização. Com base nesse contexto, este artigo apresenta uma plataforma que visa proporcionar aos professores e alunos a possibilidade de criar jogos de uma maneira simples, intuitiva, e que permita aos professores adequar o conteúdo dos jogos aos seus objetivos pedagógicos. Diante dos resultados apresentados, considera-se que a plataforma proposta em conjunto com a sua abordagem motivadora apresentou resultados potencialmente eficazes.;
5738;90;abstractEn;DIVERGE;Digital educational games are pointed out as a good educational tool when used in the classroom. However, it is not always possible for the teacher to get games that suit the educational profile you want, making it often impractical to use. Based on this context, this paper presents a platform that aims to provide teachers and students with the possibility of creating games in a simple, intuitive way that allows teachers to match the content of the games to their pedagogical objectives. In view of the presented results, it is considered that the platform proposed together with its motivational approach presented potentially effective results.;
5739;91;abstractOrig;DIVERGE;A deficiência intelectual afeta milhares de pessoas no Brasil. Com o intuito de auxiliar no cuidado e desenvolvimento dessas pessoas, as ONGs e Associações se apresentam por todo país. O foco dessas instituições é o desenvolvimento educacional dos deficientes, visto a falta de preparo da rede pública de ensino em recebê-los. No entanto, nas instituições, as atividades educacionais são de curto prazo, deixando os alunos ociosos durante uma fração significativa do dia. Com o intuito de reduzir o tempo de ociosidade de pessoas com deficiência intelectual, foi desenvolvida, neste trabalho, uma aplicação móvel lúdica. A aplicação tem o intuito de mantê-los entretidos e, ao mesmo tempo, estimular o raciocínio lógico. Para delinear o desenvolvimento do trabalho, foi utilizada a metodologia de desenvolvimento Ágil XP, que contribuiu na identificação dos cenários presentes na aplicação. A aplicação desenvolvida é composta por quatro módulos, e o processo de validação dos requisitos foi feito por profissionais e alunos da APAE da cidade de Divinópolis-MG. Os resultados da validação mostram que a aplicação obteve êxito em relação aos objetivos traçados, oferecendo, assim, uma possibilidade de lazer e entretenimento para deficientes intelectuais.;
5739;91;abstractEn;DIVERGE;Intellectual disability affects thousands of people in Brazil. Intending to assist in the care and development of these people, ONGs (non-governmental organizations) and Associations present themselves everywhere in the country. These institutions focus on the educational development of people with disability, since the teaching public system is not prepared to receive them. However, in institutions, there are short-term educational activities, which leave students idle throughout a significant part of the day. Aiming to reduce the idle time of people with disability, this work has developed a ludic mobile application. This application intends to keep them entertained and, at the same time, stimulate logical reasoning. In order to guide the development of the work, it was used the Agile XP development methodology, which contributed to identify scenarios in the application. The developed application is composed of four modules, and the validation procedure of requirements was made by professionals and students of APAE in Divinópolis city-MG. Validation results has shown that, considering the goals, the application was successful, offering a possibility of recreation and entertainment for intellectually disabled people.;
5740;92;abstractOrig;DIVERGE;Resumo. Este trabalho assume a premissa que simples caderno escolares podem ser implementada digitalmente de forma a não apenas registrar fatos, idéias, dúvidas e dificuldades encontradas no dia a dia da aprendizagem, mas também ajudar na organização dos conteúdos e servir como um meio de interação e colaboração entre grupos de alunos e entre alunos e professores. Para tanto, o trabalho propõe uma ferramenta baseada na web que oferece um espaço livre onde alunos podem fazer anotações, resolver exercícios, armazenar materiais educativos multimídia e documentos, intercambiar informações e interagir com colegas e professores. A ferramenta está voltada para o domínio de ensino de Lógica, sendo integrada a um ambiente de ensino que oferece tutoria inteligente para a resolução de problemas nesta disciplina. O artigo faz uma análise comparativa do estado da prática relativa aos softwares web para cadernos eletrônicos existentes atualmente. Após são apresentadas as principais características do modelo computacional da ferramenta proposta. Ao final são apresentados os resultados da validação experimental dessa ferramenta.;
5740;92;abstractEn;DIVERGE;Abstract. This work assumes the premise that notebooks used in class can be implemented digitally, not only to register facts, ideas, doubts and difficulties encountered in day to day learning activities, but also to help organize contents and serve as a means of interaction and collaboration between groups of students and between students and teachers. From this, the paper proposes a web-based tool that offers a free space where students can take notes, solve exercises, store multimedia educational materials and documents, exchange information and interact with colleagues and teachers. The tool is aimed at the domain of Logic, being integrated to a learning environment that offers intelligent tutoring to solve problems in this discipline. The article makes a comparative analysis of the state of the practice regarding the web software for electronic notebooks that currently exists. Main characteristics of the computational model of the proposed tool are also presented. Results of experimental validation of the tool are shown at the end of the paper.;
5741;93;abstractOrig;DIVERGE;Este artigo tem como objetivo realizar um levantamento dos trabalhos científicos, realizados nos últimos 18 anos, na área de regulação emocional no contexto de informática na educação. Para isso, um mapeamento sistemático foi conduzido nas principais bibliotecas digitais nacionais e internacionais. Inicialmente, foram coletados 1428 artigos, dos quais 34 foram selecionados para análise final. Como resultado, foi apresentado o atual estado da arte em regulação emocional nos ambientes educacionais. Também verificou-se que, apesar da maioria dos estudos utilizar (a) teoria de regulação emocional de Gross para a regulação emocional do aluno dentro do ambiente educacional, um número significativo ainda não usa quaisquer teorias. Mesmo assim, uma grande parte desses estudos que utilizam uma teoria para a regulação não revelou de que maneira aplicavam as estratégias emocionais. Além disso, foi observado que a maior parte dos estudos não consideram o contexto (por exemplo, ensino de álgebra) para a regulação.;
5741;93;abstractEn;DIVERGE;This paper aims to perform a survey of the scientific work carried out in the last 18 years in the area of emotional regulation in the context of computers in education. For this, a systematic mapping was carried out in the main national and international digital libraries. Initially, 1428 articles were collected, of which 34 were selected for final analysis. As a result, the current state of the art in emotional regulation in educational settings was presented. It has also been found that despite most studies using Gross's theory of emotional regulation for emotional adjustment of the student within the educational environment, a significant number still do not use any theories. Even so, a large part of the studies that use a theory for regulation did not reveal in what way it was applied as an emotional strategy. In addition, it was observed that most studies do not consider the context (e.g., algebra teaching) for regulation.;
5742;94;abstractOrig;DIVERGE;Resumo. A heterogeneidade dos sintomas das pessoas com TEA exige que as intervenções terapêuticas e educacionais sejam específicas para cada caso. No Brasil, as diretrizes do governo visam a inclusão educacional dessa parte da população em escola regular com o auxílio de tecnologia. Neste cenário, é relevante mapear a produção científica nacional sobre “Autismo, Educação e Tecnologia” para compilar informações sobre as pesquisas realizadas e favorecer a criação de uma rede colaborativa. Logo, a partir de uma revisão de literatura, contemplando 33 artigos, identificou-se a predominância de soluções de softwares educativos para alfabetização de crianças com TEA, sendo os estudos mais frequentes em Alagoas e no Rio Grande do Sul.;
5742;94;abstractEn;DIVERGE;"Abstract. The symptoms’ heterogeneity of people with ASD requires that therapeutic and educational interventions be case-specific. In Brazil, the government's guidelines aim the educational inclusion of this population in regular school with technology support. In this scenario, it is relevant a national scientific production mapping that have been addressing ""Autism, Education and Technology"" for compiling information aiming a research collaboration network. Therefore, a literature review was conducted, contemplating 33 articles. A prevalence of educational software solutions for literacy of children with ASD was identified, and these studies were published more frequently in Alagoas and Rio Grande do Sul.";
5743;95;abstractOrig;DIVERGE;O currículo das STEM (Ciência, Tecnologia, Engenharia e Matemática) para os estudantes com deficiência visual apresenta várias limitações, tais como: a ampla simbologia, imagens, gráficos, diagramas, dentre outros tipos de instrução da Matemática que não são lidos e interpretados corretamente pelos leitores de telas, dificultando a compreensão e entendimento desses conteúdos. Este artigo apresenta uma revisão sistemática da literatura, que investiga tecnologias assistivas para apoiar o ensino e aprendizagem na Matemática desses estudantes. A revisão seguiu as diretrizes propostas para esse tipo de pesquisa. Os resultados apresentam 59 tecnologias que possibilitam explorar diversos sentidos: tátil, auditivo, háptico e multimodal em diversos conteúdos da Matemática. As lacunas identificadas abrem oportunidades para futuras pesquisas, pois mostram a existência de limitações que impossibilitam os estudantes com deficiência visual alcançarem um nível adequado de conhecimento na Matemática.;
5743;95;abstractEn;DIVERGE;The STEM (Science, Technologies, Engineering and Mathematics) curriculum for visually impaired students presents several limitations, such as: wide symbology, images, graphs, diagrams, among other types of mathematics instruction that are not read, interpreted correctly by screen readers and makes it difficult to understand these contents. This article presents a systematic review of the literature that investigates assistive technologies to support the teaching and learning in mathematics for these students. This review followed the guidelines proposed for this type of research. The results present 59 technologies that allow exploring several senses: tactile, auditory, haptic and multimodal in various topics of Mathematics. The gaps identified open opportunities for future research, showing that there are limitations that make it impossible visually impaired students to reach an adequate level of knowledge in Mathematics.;
5744;96;abstractOrig;DIVERGE;As habilidades de orientação e mobilidade são desenvolvidas desde o nascimento. Quando interagimos com um ambiente, aprendemos a nos situar no espaço e a nos orientar em relação aos objetos. Entretanto, muitas pessoas com deficiência visual enfrentam problemas de orientação espacial na navegação em ambientes que não lhes são familiares. Este artigo descreve um sistema inteligente que objetiva captar, reconhecer e transmitir informações sobre objetos, que estão no mesmo espaço que seu utilizador. Acreditamos que este sistema possa auxiliar pessoas cegas a identificar objetos e a compreender espaços com mais independência e autonomia.;
5744;96;abstractEn;DIVERGE;Orientation and mobility skills are developed from birth. When we interact with an environment, we learn to place ourselves in space and to orient ourselves with respect to objects. However, many people with visual impairments face spatial orientation problems when navigating unfamiliar environments. This article describes an intelligent system that aims to capture, recognize, and transmit information about objects that are in the same space as the user. We believe this system can help blind people identify objects and understand spaces with greater independence and autonomy.;
5745;97;abstractOrig;DIVERGE;Resumo. O ensino básico público do Brasil apresenta dificuldades no processo\nde inclusão de alunos com deficiência visual (cegos ou de baixa visão), pois uma\nparcela significativa de professores possuem pouco ou nenhum conhecimento no\nsistema Braille, impactando diretamente no processo de ensino-aprendizagem.\nAs Tecnologias Assistivas são fundamentais na vida dos alunos com deficiência\nvisual, seja pelo fato de facilitar comunicação e/ou apoiar nas atividades escola-\nres, visto que muitas escolas não possuem o apoio do profissional adequado.\nÉ pensando neste contexto e no atendimento aos deficientes visuais no âmbito\neducacional que este trabalho propõe um sistema computacional, desenvolvido\ncom técnicas de visão computacional, que facilite a comunicação escrita entre\npessoas cegas, alfabetizadas em Braille e as videntes que desconhecem tal\nsistema. Os resultados indicam que o sistema apresentou êxito na transcrição,\nvisto que os testes mostraram uma transcrição legível dos textos em Braille para\na sua correspondente em alfanumérico.;
5745;97;abstractEn;DIVERGE;Abstract. Brazil’s public primary education presents difficulties in the inclusion\nprocess of students with visual impairment (blind or low vision) because a significant number of teachers have little or no knowledge in the Braille system,\ndirectly impacting the teaching-learning process. Assistive Technologies are\nfundamental in visually impaired students' lives, either because they facilitate\ncommunication and/or support in school activities, since many schools do not\nhave the support of the appropriate professional. It is thinking in this context\nand in the service to the visually impaired in the educational scope that this work\nproposes a computer system, developed with techniques of computer vision, that\nfacilitates written communication between blind people, who are Braille literate\nand the seeing, who are unaware of such a system. The results indicate that the\nsystem was successful in transcription since the tests showed a readable transcription of the texts in Braille to its corresponding in alphanumeric.;
5746;98;abstractOrig;DIVERGE;As Internet-based technology becomes more accessible, learning institutions have been adopting platforms such as Learning Management Systems (LMSs) to support and also complement face to face learning. Their widespread adoption raises the importance to evaluate them regarding quality in use attributes such as usability and User eXperience (UX). This paper presents the application of Design Science Research (DSR) to develop a technique and a tool to evaluate the usability and UX of LMSs called TUXEL. By applying DSR, we ensure a high level of rigor in the development process, combining theory and practice. The empirical studies indicated that TUXEL is adequate, in addition to providing better results compared to other techniques.;
5746;98;abstractEn;DIVERGE;As Internet-based technology becomes more accessible, learning institutions have been adopting platforms such as Learning Management Systems (LMSs) to support and also complement face to face learning. Their widespread adoption raises the importance to evaluate them regarding quality in use attributes such as usability and User eXperience (UX). This paper presents the application of Design Science Research (DSR) to develop a technique and a tool to evaluate the usability and UX of LMSs called TUXEL. By applying DSR, we ensure a high level of rigor in the development process, combining theory and practice. The empirical studies indicated that TUXEL is adequate, in addition to providing better results compared to other techniques.;
5747;99;abstractOrig;DIVERGE;This paper presents a case study with the evaluation of factors that impact on the motivation of 112 undergraduate students in a Software Engineering program. Considering that motivation and engagement are key aspects of students' success, the goal of this paper is the identification of the factors that contribute to students' motivation and engagement. We applied a questionnaire which evaluates 48 motivational factors divided into 6 groups: personal and demographic data, general perception of motivation, perception about the university, student behavior, perception about program and perception about class/teacher. As results, after applying statistic tests, we found 15 factors with significant variance in the type of students' motivation, only 3 factors with variance in the approval rate, and 5 factors with variance in the overall grade average. We conclude that, for the sample used, the perception of student behavior is associated with his/her performance. The type of motivation is associated mainly with the perception about the program, classes, and faculty. The intention of dropout is mainly associated with the perception of the classes and faculty.;
5747;99;abstractEn;DIVERGE;This paper presents a case study with the evaluation of factors that impact on the motivation of 112 undergraduate students in a Software Engineering program. Considering that motivation and engagement are key aspects of students' success, the goal of this paper is the identification of the factors that contribute to students' motivation and engagement. We applied a questionnaire which evaluates 48 motivational factors divided into 6 groups: personal and demographic data, general perception of motivation, perception about the university, student behavior, perception about program and perception about class/teacher. As results, after applying statistic tests, we found 15 factors with significant variance in the type of students' motivation, only 3 factors with variance in the approval rate, and 5 factors with variance in the overall grade average. We conclude that, for the sample used, the perception of student behavior is associated with his/her performance. The type of motivation is associated mainly with the perception about the program, classes, and faculty. The intention of dropout is mainly associated with the perception of the classes and faculty.;
5748;100;abstractOrig;DIVERGE;Alunos que conseguem manter a atenção apresentam um melhor desempenho nas atividades escolares. No âmbito escolar, o mindfulness tem se mostrado uma técnica relevante para a melhora da atenção de alunos praticantes. Este trabalho descreve a integração de um agente computacional a um sistema tutor inteligente que é responsável por guiar o aluno a praticar exercícios de mindfulness de forma adaptada ao estado de humor e ao tempo de experiência em meditação do estudante. Foi realizado um experimento com duração de 7 semanas, com 41 alunos do 7º ano. Os resultados deste experimento, obtidos através da aplicação de uma escala de atenção, evidenciaram que a prática de mindfulness de forma guiada e personalizada melhora a atenção dos alunos. No entanto, possivelmente devido à curta duração do experimento, não foram encontradas evidências estatisticamente significativas de um impacto maior na aprendizagem dos alunos.;
5748;100;abstractEn;DIVERGE;Students who are able to maintain attention show better performance in school activities. In the school setting, mindfulness has proven to be a relevant technique for improving students' attention. This work describes the integration of a computational agent into an intelligent tutoring system that is responsible for guiding a mindfulness practice adapted to the students' mood and previous experience in meditation. We conducted an experiment lasting 7 weeks with 41 seventh-grade students. The results of this experiment, obtained through the application of an attention scale, showed that guided and personalized mindfulness practice improves students' attention. However, possibly due to the duration of the experiment, we have not found statistically significant evidence of a positive impact on students' learning.;
5749;101;titleOrig;DIVERGE;Uso dos MCE, MMEEBB e tecnologia computacional no processo de resgate e perenização do conhecimento para idosos e pessoas com atrasos de aprendizado;Uso dos MCE, MMEEBB e tecnologia computacional no processo de resgate e perenização do conhecimento a idosos e pessoas com atrasos de aprendizado
5749;101;abstractOrig;DIVERGE;Este trabalho consiste em apresentar a estruturação de um aplicativo multiplataforma com ferramentas que auxiliem tanto pessoas com transtorno de déficit de atenção e hiperatividade motivadas a aprender, quanto idosos com doença de Alzheimer a treinarem seu cérebro, permitindo a memorização efetiva do conhecimento e, com isso, amenizando os efeitos da doença. Dessa forma, visa-se garantir que o indivíduo, ao abstrair um novo conhecimento, não irá esquecer o anterior. Os resultados alcançados neste estudo indicam que o aplicativo desenvolvido vem confirmando o efeito positivo do uso das tecnologias computacionais para auxiliar o aprendizado dos indivíduos, bem como o uso dos MCE e do MMEEBB nessas tecnologias.;
5749;101;abstractEn;DIVERGE;This paper presents the structure of a multiplatform application with tools that assist both people with attention-deficit/hyperactivity disorder (ADHD) motivated to learn and elderly individuals with Alzheimer's disease to train their brains, enabling effective memorization of knowledge and thereby mitigating the effects of the disease. Thus, it aims to ensure that an individual, when absorbing new knowledge, will not forget the previous one. The results obtained in this study indicate that the developed application confirms the positive effect of using computational technologies to aid learning for individuals, as well as the use of MCE and MMEEBB within these technologies.;
5750;102;abstractOrig;DIVERGE;Resumo. Esse trabalho tem como objetivo a elaboração de um glossário computacional de sinais com as principais palavras reservadas dos softwares SuperLOGO e Lego Mindstorms NXT como estímulo ao raciocínio lógico em surdos. O trabalho ocorreu em uma Escola Bilíngue de Ensino Médio com 6 alunos surdos entre 14 e 25 anos. Realizou-se atividades de programação direcionadas à geometria e educação no trânsito. Para validação foram utilizados instrumentos de coleta de dados, que resultou no surgimento das categorias de avaliação pedagógica. Concluiu-se esses softwares aliados ao glossário computacional proporcionou desenvolvimento de raciocínio lógico que seriam dificultados pela barreira linguística.;
5750;102;abstractEn;DIVERGE;Abstract. This work aims to develop a computational glossary of signals with the main reserved words of the software SuperLOGO and Lego Mindstorms NXT as a stimulus to the logical reasoning in deaf people. The work was carried out in a Bilingual High School with 6 deaf students between 14 and 25 years old. Activities of programming directed to the geometry and education in the traffic were carried out. For validation process, data collection instruments were used, which resulted in the emergence of the categories of pedagogical evaluation. It was concluded that these softwares allied to the computational glossary provided the development of logical reasoning that would be hampered by the language barrier.;
5751;103;abstractOrig;DIVERGE;Crucial para o currículo de cursos de Computação, a programação é considerada um de seus tópicos mais difíceis, pois exige habilidades de abstração, raciocínio e representação. Em sua complexidade, a atividade torna-se suscetível a falhas. Teorias como a de Vygotsky tratam a reflexão sobre o erro como parte integrante do processo de aprendizagem. Dado que o potencial educador do erro costuma ser desperdiçado sob uma caracterização de viés negativo, este trabalho tem como objetivo investigar, através da realização de um experimento quantitativo com foco no Ensino Superior, o uso de portfólios na criação de relatos que promovam a reflexão sobre erros cometidos em disciplinas de programação.;
5751;103;abstractEn;DIVERGE;Crucial to the Computing curriculum, programming is considered to be one of its most difficult topics, since it requires the abilities of abstraction, reasoning and representation. In its complexity, the activity becomes susceptible to failure. Theories such as Vygotsky's treat reflection on error as an integral part of the learning process. Given that the educational potential of the error is usually wasted due to a negative bias, this work aims to investigate, through the realization of a quantitative experiment with a focus on Higher Education, the use of portfolios in the creation of reports that promote reflection on mistakes made in programming disciplines.;
5752;104;abstractOrig;DIVERGE;Resumo. As comunidades Surdas do Brasil enfrentam problemas nos seus processos de ensino/aprendizagem, principalmente devido à falta de material escrito em sua língua preferencial, a Libras (Língua Brasileira de Sinais). O SignWriting é um sistema de escrita que resolve parcialmente este problema, mas a interação com a ferramenta para a escrita de sinais é lenta e não estimula a sua apropriação pelas comunidades alvo. Este artigo descreve um sistema que permite a geração automática de sinais a partir de sua especificação num modelo fonológico que diminui o espaço do problema.;
5752;104;abstractEn;DIVERGE;Abstract. Brazilian Deaf communities face problems within their teaching/learning processes mainly because of the lack of written courseware in their preferential language, Libras (Brazilian Sign Language). Sign Writing is a writing system that partially solves this problem, but the interaction with the sign writing tool is slow and does not stimulate its appropriation by the target communities. This paper describes a system that allows for sign automatic generation from its specification in a phonological model that diminish the problem space.;
5753;105;abstractOrig;DIVERGE;Embora pesquisas sobre acessibilidade em sistemas computacionais sejam um tema de interesse em Interação Humano-Computador (IHC) e Informática na Educação, a disseminação de tecnologias computacionais para muitos aspectos possíveis da vida individual e em sociedade tem exigido considerar a acessibilidade de uma forma cada vez mais abrangente e sistêmica. Este artigo propõe que a acessibilidade em sistemas computacionais seja entendida como um valor humano, e que métodos tradicionais de design e avaliação de interfaces sejam revisitados para apoiar esse entendimento de modo transversal a todo o processo de design, da concepção ao uso e descarte da solução projetada. Este artigo apresenta um estudo prático de avaliação de acessibilidade para surdos no ambiente de apoio à realização do Exame Nacional do Ensino Médio (ENEM) disponibilizado pelo Instituto Nacional de Estudos e Pesquisas Educacionais (INEP) no Youtube. Resultados indicam problemas de acessibilidade em vídeos, com textos, imagens, e personalização pelos usuários que, sob a perspectiva de valores, podem desencadear consequências individuais e sociais negativas em aspectos de autonomia, econômicos, identidade e igualdade que não podem ser revertidas ou corrigidas somente com a atualização técnica do sistema.;
5753;105;abstractEn;DIVERGE;Although research on accessibility in computing systems is a topic of traditional interest in Human-Computer Interaction and Informatics in Education, the dissemination of computing technologies requires considering accessibility in an increasingly comprehensive and systemic way. This paper proposes that accessibility in computing systems should be understood as a human value, and traditional methods of interface design and evaluation must be revisited to support this understanding throughout the entire design process, from conception to use and disposal of the designed solution. This paper presents a practical study of accessibility evaluation for Deaf users in the ENEM support environment provided by the National Institute for Educational Studies and Research (INEP) on YouTube. Results indicate accessibility problems in videos, texts, images, and user personalization, which from the perspective of values can trigger negative individual and social consequences in autonomy, economic aspects, identity, and equality that cannot be reversed or corrected solely through technical updates.;
5754;106;abstractOrig;DIVERGE;Com altos índices de reprovação em disciplinas de programação nas universidades, surge a necessidade de encontrar uma forma de atacar esta problemática. Possíveis soluções para esta dificuldade podem ser encontradas nas técnicas descobertas pela neurociência que podem ajudar no processo de ensino-aprendizagem. O presente artigo apresenta uma Revisão Sistemática da Literatura (RSL) que tem como principal objetivo buscar trabalhos na área da neurociência que apresentem técnicas que possam permitir o desenvolvimento de algumas habilidades úteis para as disciplinas de programação, como, por exemplo, o raciocínio lógico.;
5754;106;abstractEn;DIVERGE;With high failure rates in programming disciplines at universities, there is a need to find a way to tackle this problem. Possible solutions to this difficulty can be found in the techniques discovered by neuroscience that can help in the teaching-learning process. This article presents a Systematic Literature Review (SLR) whose main objective is to seek papers in the field of neuroscience that present techniques that may enable the development of some useful skills for programming disciplines, such as logical reasoning.;
5755;107;abstractOrig;DIVERGE;Resumo. O ensino de conceitos abstratos pode ser bastante complexo. Nesse sentido, compreender Predictive Suffix Trees (PSTs) é particularmente desafiador, uma vez que esse tipo de estrutura de dados, baseada em árvores, armazena e relaciona simultaneamente informações sobre espaço, tempo e probabilidades. Esse trabalho apresenta um experimento prático que visa tornar mais aplicado o ensino de PSTs, com base no desenvolvimento de uma aplicação específica, que é testada e analisada quantitativamente e qualitativamente, demonstrando que a solução proposta pode ser uma alternativa educacional viável.;
5755;107;abstractEn;DIVERGE;Abstract. Teaching abstract concepts can be quite complicated. In this sense, understanding Predictive Suffix Trees (PSTs) is particularly challenging since this type of tree-based data structure simultaneously stores and relates information about space, time, and probabilities. This work presents a practical experiment that tries to make the teaching of PSTs more applied, based on the development of a specific application, which is tested and analyzed quantitatively and qualitatively, demonstrating that the proposed solution can be a viable educational alternative.;
5758;108;abstractOrig;DIVERGE;A criação de novas formas de apresentação dos conteúdos de objetos de aprendizagem (LOs), levando em conta o estilo de aprendizagem (LS) do aluno, pode gerar maior motivação no uso desse tipo de recurso educacional. As características mais relevantes dos LS foram mapeadas e associadas às formas mais adequadas de apresentar o conteúdo do LO, criando uma adaptação de apresentação do conteúdo do LO considerando o LS. Um protótipo de LO com interface adaptada a partir do modelo criado foi desenvolvido para avaliar a qualidade afetiva das abordagens usadas, por meio de experimentos com alunos. Os resultados das respostas emocionais dos alunos em relação à adaptação criada são apresentados e discutidos.;
5758;108;abstractEn;DIVERGE;The creation of new ways of presenting the contents of learning objects (LOs) taking into account the learning style (LS) of the student can generate greater motivation in the use of this type of educational resource. The most relevant characteristics of the LS were mapped and associated, with the most appropriate ways to present the LO content, creating a presentation adaptation of the LO content considering the LS. An LO prototype with interface adapted from the created model was developed to evaluate the affective quality of the approaches used, through experiments with students. The results of the students' emotional responses to the adaptation created are presented and discussed.;
5756;109;abstractOrig;DIVERGE;O presente artigo trata sobre o desenvolvimento do pensamento computacional na construção de Objetos Digitais de Aprendizagem (ODA), tendo como suporte metodológico a aprendizagem baseada em projeto (PBL), na potencialização da aprendizagem do tema fenômenos ondulatórios, utilizando a linguagem de programação Scratch, com alunos do 2º ano do Ensino Médio. No processo de desenvolvimento, os estudantes envolvidos construíram seus objetos com sucesso e as análises estatísticas apontaram resultados positivos com o aumento dos índices de desempenho e diminuição de variância no pós-teste.;
5756;109;abstractEn;DIVERGE;"The following article presents about the development of the computational thinking in the construction of Digital Learning Objects, with methodological support in the project-based learning (PBL) in the enhancement of the learning of the theme ""wave phenomenon"" using the tool ""Scratch"" with students of the second year of high school. In the development process, the students involved built their objects with success, and the statistical analysis pointed towards positive results with the rise of performance and the fall of the post-exam variance.";
5757;110;abstractOrig;DIVERGE;Augmentative and Alternative Communication (AAC) systems are broadly used to expand communication skills of individuals with severe communicative disorders. These systems should prioritize requirements that contribute to making the communication easy and effective to be robust. However, there is no guideline available to aid the implementation of these systems. In this paper, we analyze the fragmented knowledge available on scientific proposals and technological solutions to extract key concepts for a robust AAC system. Then, we propose a Reference Architecture (RA) that can be used as a conceptual guide to define and evaluate concrete and robust software architectures for several goals including literacy in inclusive education.;
5757;110;abstractEn;DIVERGE;Augmentative and Alternative Communication (AAC) systems are broadly used to expand communication skills of individuals with severe communicative disorders. These systems should prioritize requirements that contribute to making the communication easy and effective to be robust. However, there is no guideline available to aid the implementation of these systems. In this paper, we analyze the fragmented knowledge available on scientific proposals and technological solutions to extract key concepts for a robust AAC system. Then, we propose a Reference Architecture (RA) that can be used as a conceptual guide to define and evaluate concrete and robust software architectures for several goals including literacy in inclusive education.;
5759;111;abstractOrig;DIVERGE;A literatura apresenta diferentes propostas de uso de tecnologia contemporânea como auxílio à comunicação. Este trabalho contribui com um ambiente computacional de interação tangível, como tecnologia de Comunicação Alternativa e Aumentativa, que foi explorado por profissionais de educação especial, por meio de Oficinas participativas. Resultados mostram como esses profissionais fazem sentido e sugerem alterações no design do ambiente para melhor adequá-lo às atividades que são realizadas nas salas de aulas inclusivas e de atendimento especial. Com base nessas sugestões foi implementada nova versão que foi utilizada pelas participantes em três tipos de atividades: contação de histórias, sequenciação de ações e desafio.;
5759;111;abstractEn;DIVERGE;Literature has presented different approaches to the use of contemporary technologies to aid communication. This work contributes with a computational environment based on tangible interaction, as an Augmentative and Alternative Communication technology, that was explored by special needs education professionals, through participative Workshops. Results show how these professionals make sense and suggest changes in the design of the environment to fit the activities carried out in inclusive classrooms and special attendance. We implemented a new version based on these suggestions, which was used by the professionals in three different types of activities: storytelling, action sequencing and challenge answering.;
5760;112;abstractOrig;DIVERGE;Resumo. Nos últimos anos muitas iniciativas foram realizadas para ensinar Pensamento Computacional, porém são poucos trabalhos que visam identificar as ações realizadas nestas pesquisas. Este artigo apresenta um mapeamento sistemático da literatura que cobriu as pesquisas que tiveram como objetivo promover o desenvolvimento do Pensamento Computacional, publicadas no período 2007-2017, em Inglês ou Português, em uma base nacional e três bases internacionais, com o propósito de identificar e analisar as ações efetivamente realizadas. Dentre os artigos selecionados identificamos: os públicos de alunos alcançados pelas iniciativas, os países que mais publicaram, os temas abordados como conteúdos das iniciativas, as ferramentas utilizadas como apoio, entre outros. Como resultado da análise, tendências e oportunidades para pesquisas futuras foram identificadas.;
5760;112;abstractEn;DIVERGE;Abstract. In recent years many initiatives have been carried out to teach Computational Thinking, but there are few studies that identify and analyze the actions taken in these researches. This paper presents a systematic mapping of the literature covering the research published in the period 2007-2017, in English or Portuguese, in one Brazilian and three international bases, in order to identify and analyze research actions intended to promote the development of Computational Thinking. From the selected papers, we identified the audience of students that were reached by the initiatives, countries that have published in this area, the topics addressed as a theme of the initiatives and the tools they used. As a result, trends and opportunities for future research have been identified.;
5761;113;abstractOrig;DIVERGE;Abstract. Computational Thinking has been promising for inclusive education in Computing. This paper presents a game programming course planned and conducted with Brazilian young people in a socioeconomically vulnerable community. In this non-formal course, nine workshops were designed and conducted considering participants' language and social context. Workshops were grounded on a structural framework based on Paulo Freire's method and their practices were inspired by techniques from Participatory Design. The paper presents the theoretical and methodological grounds adopted for the course, the structure designed for the workshops, the main observations and main learned lessons from the experience. Results suggest the course was successful to provide a meaningful education in basic computing concepts, engaging students throughout the workshops and reducing students dropout.;
5761;113;abstractEn;DIVERGE;Abstract. Computational Thinking has been promising for inclusive education in Computing. This paper presents a game programming course planned and conducted with Brazilian young people in a socioeconomically vulnerable community. In this non-formal course, nine workshops were designed and conducted considering participants' language and social context. Workshops were grounded on a structural framework based on Paulo Freire's method and their practices were inspired by techniques from Participatory Design. The paper presents the theoretical and methodological grounds adopted for the course, the structure designed for the workshops, the main observations and main learned lessons from the experience. Results suggest the course was successful to provide a meaningful education in basic computing concepts, engaging students throughout the workshops and reducing students dropout.;
5762;114;abstractOrig;DIVERGE;Em um mundo cada vez mais tecnologico e de constantes mudancas, incentivar o desenvolvimento de habilidades como a criatividade está se tornando cada vez mais importante. Pessoas criativas são curiosas e gostam de explorar ideias, por isso são mais inovadoras na resolução de problemas. A literatura tem discutido maneiras de incentivar a criatividade em sala de aula e apresentado o conceito emergente da 'aprendizagem criativa', que tenta entender, experimentar e caracterizar metodologias e ambientes de aprendizagem capazes de promover a criatividade. Neste artigo, exploramos e discutimos o uso de Interfaces Tangíveis para facilitar a aprendizagem criativa no contexto da programação de computadores e como projetar atividades que a facilitem dentro do ambiente escolar.;
5762;114;abstractEn;DIVERGE;In an increasingly technological world of constant change, encouraging the development of skills such as creativity is becoming more and more important. Creative people are curious and enjoy exploring ideas, so they are more innovative in problem solving. Literature has discussed how to encourage creativity in the classroom and presented the emerging concept of 'creative learning', which attempts to understand, experiment and define which methodologies and learning environments are capable of promoting creativity. In this paper, we explore and discuss the use of Tangible User Interfaces to facilitate creative learning in the context of computer programming and how to design activities to promote it within the school environment.;
5763;115;titleOrig;DIVERGE;Análise da interação de surdos com um aplicativo de realidade aumentada em dispositivos vestíveis para ensino à distância de tarefas manuais;Análise da interação de surdos com um aplicativo de realidade aumentada em dispositivos vestíveis para ensino a distância de tarefas manuais
5763;115;abstractOrig;DIVERGE;"Resumo. A chamada ""lei de cotas"" facilita o acesso ao mercado de trabalho para Pessoas com Deficiência (PcD) no Brasil. No entanto, muitas dessas posições permanecem não preenchidas devido à falta de habilidades entre as PcDs. Estamos desenvolvendo cursos voltados para profissões que requerem uma abordagem mais prática, que exigem oficinas orientadas remotamente. Oficinas de realidade aumentada parecem ser uma alternativa interessante uma vez que os usuários podem manter suas mãos livres, recebendo instruções e interagindo com tutores remotos e material didático. Este artigo apresenta os resultados de um experimento com 80 pessoas que utilizaram um objeto de aprendizagem com realidade aumentada com quatro diferentes formas de interação.";
5763;115;abstractEn;DIVERGE;"Abstract. The so-called ""quota law"" facilitates access to the job market for Persons with Disabilities (PcD) in Brazil. However, many of these positions remain unfilled due to the lack of skills between PcD. We are developing courses geared towards professions that require a more practical approach, which require remotely oriented workshops. Augmented reality workshops seem to be an interesting alternative since pupils can keep their hands free by receiving instructions and interacting with their tutors who are away. This paper presents the results of an experiment with 80 people who used an augmented reality learning object with four different forms of interaction.";
5764;116;abstractOrig;DIVERGE;Resumo. Este artigo apresenta um estudo sobre o uso de dispositivos móveis e aplicações de aprendizagem móvel no contexto de usuários idosos. No estudo, foi aplicado um questionário para 28 usuários idosos, o qual foi complementado por meio da realização de entrevistas com dois especialistas no ensino dos usuários mais velhos. Os resultados apontam um considerável interesse desses aprendizes em aplicações de aprendizagem móvel e indicam a importância de se desenvolver esse tipo de aplicação com características específicas, dando especial atenção à necessidade de serem intuitivas. A partir desses resultados, foi proposta, ainda, a Crossword Learning, aplicação que trabalha com aspectos de ensino e aprendizagem dos idosos por meio de palavras cruzadas.;
5764;116;abstractEn;DIVERGE;Abstract. This paper presents a study on the use of mobile devices and mobile learning applications for elderly users. A questionnaire was answered by 28 elderly users, which was complemented by an interview with two experts on older users teaching. The results indicated a considerable interest of these learners in mobile learning applications and highlighted the importance of developing this type of application with specific characteristics, giving special attention to the need to be intuitive. From these results, Crossword Learning was proposed, an application that works with teaching and learning aspects of the elderly through crosswords.;
5765;117;titleOrig;DIVERGE;VITA - Estimando a satisfação de estudantes por meio da Análise de Sentimentos;VITA - Estimando a satisfacão de estudantes por meio da Análise de Sentimentos
5765;117;abstractOrig;DIVERGE;Universidades públicas ao redor do mundo enfrentam um grave e recorrente problema: o alto índice de evasão de alunos em cursos de graduação. Excluindo-se questões vocacionais e financeiras, diversas causas são apontadas para tal problema, como a qualidade docente, o baixo desempenho em disciplinas básicas, e também a insatisfação discente, sendo um indicador altamente responsável por sua evasão em curso de nível superior. Nesse sentido, este trabalho propõe um sistema para melhoria na interação aluno-professor, de modo que o docente tenha maior facilidade em identificar e solucionar os problemas que respondem pela insatisfação do aluno. Resultados preliminares indicam sucesso na melhoria da percepção do professor para com o aluno.;
5765;117;abstractEn;DIVERGE;Public universities around the world face a serious and recurring problem: the high dropout rate of undergraduate students. Besides vocational and financial issues, several causes were pointed to such problem, like the teaching quality, low performance on basic disciplines and also the student dissatisfaction, which is a highly responsible indicator for its evasion in higher education. In this sense, the current work proposes a platform for improving student-teacher interaction easing the teacher identification and solving of problems that responds to student's dissatisfaction. Preliminary results demonstrate success on improving teacher's perception about the student.;
5766;118;abstractOrig;DIVERGE;Pessoas com deficiências estudam, utilizam a internet e outros recursos de TDIC usando tecnologias assistivas (TA). Dessa forma, faz-se necessário refletir sobre personalizações de conteúdo em ambiente educacional, realizado pelo professor. Em especial, o uso de web por pessoas com deficiência visual é apoiado por TA leitores de tela. No entanto, embora tais leitores sintetizem a informação deste conteúdo, pessoas com deficiência visual podem encontrar dificuldades em sua compreensão devido à ausência de recursos necessários, aplicados na etapa da sua construção. Diante disso, este artigo descreve uma avaliação experimental utilizando a ferramenta WABlind com a mediação dos professores para configurar as adaptações necessárias aos seus alunos. Os resultados dos testes sugerem que a ferramenta é um auxílio nas personalizações de conteúdo a pessoas com deficiência visual.;
5766;118;abstractEn;DIVERGE;People with disabilities study, use the internet and other TDIC features using Assistive Technologies (TA). Thus, it is necessary to reflect on content customizations in an educational environment, carried out by the teacher. In particular, the use of the web by visually impaired people is supported by TA screen readers. However, while such readers synthesize information from this content, people with visual impairment may find difficulties in understanding it due to the lack of necessary resources, applied at the stage of its construction. Therefore, this article describes an experimental evaluation using the WABlind tool with the mediation of teachers to configure the necessary adaptations to their students. Test results suggest that the tool is an aid in content customizations for visually impaired people.;
5767;119;abstractOrig;DIVERGE;A dificultosa situação da inclusão educacional de deficientes auditivos no Brasil tem sido atenuada por políticas públicas que universalizam o acesso. No entanto, outras medidas, como o uso de Tecnologias de Informação e Comunicação (TIC) em sala de aula, devem ser tomadas para assegurar a permanência e a participação desses alunos. Assim, essa Revisão Sistemática de Literatura buscou descobrir quais tecnologias estão sendo utilizadas e desenvolvidas no Brasil com esse propósito. Como resultados, foram identificadas diversificadas contribuições, como jogos educacionais, arquiteturas pedagógicas e ambientes virtuais de aprendizagem, entre outras aplicações, direcionadas, na maioria, a alunos do ensino fundamental.;
5767;119;abstractEn;DIVERGE;The challenging situation of educational inclusion for hearing-impaired individuals in Brazil has been mitigated by public policies that universalize access. However, additional measures, such as the use of Information and Communication Technologies (ICT) in the classroom, should be implemented to ensure the retention and participation of these students. Therefore, this Systematic Literature Review aimed to identify which technologies are being used and developed in Brazil for this purpose. The results identified diverse contributions, such as educational games, pedagogical architectures and virtual learning environments, among other applications, mostly aimed at elementary school students.;
5768;120;abstractOrig;DIVERGE;O Atendimento Educacional Especializado (AEE) é um conjunto de atividades de acessibilidade com fins pedagógicos, focado em atender alunos com necessidades especiais. Já a Comunicação Aumentativa e Alternativa (CAA) foca em compensar a compreensão e a comunicação para indivíduos com incapacidades na expressão. As escolas brasileiras enfrentam dificuldades em oferecer o AEE com qualidade. Com base nisto, este estudo usa o Design Thinking como abordagem de imersão na problemática de uma escola pública rural para propor soluções de baixo custo, eficientes e sustentáveis. Utilizando-se o Colorful Semantic em cartões e em um aplicativo conseguiu-se melhorar indicadores de aprendizagem e comunicação de alunos do AEE.;
5768;120;abstractEn;DIVERGE;The Specialized Educational Assistance (SEA) is a set of accessibility activities with pedagogical purposes, focused on attending students with special needs. Already the Augmentative and Alternative Communication (AAC) focuses on compensating for understanding and communication for individuals with disabilities in expression. Brazilian schools face difficulties in offering SEA with quality. Based on this, this study uses Design Thinking as an immersion approach in the problems of a rural public school to propose low-cost, efficient and sustainable solutions. By using Colorful Semantic in cards and in an application it was possible to improve indicators of learning and communication of students of the SEA.;
5769;121;abstractOrig;DIVERGE;Vários estudos têm indicado que mobilizar estratégias cognitivas e metacognitivas pode melhorar o desempenho dos alunos. Este artigo descreve critérios que apoiam o uso dessas estratégias no desenvolvimento da lógica de programação e apresenta um checklist que as relaciona com recursos e ferramentas que podem auxiliar o professor a promover seus usos em ambientes virtuais de aprendizagem. Critérios, recursos e ferramentas foram especificados para apoiar o uso dessas estratégias. Uma situação de aprendizagem foi conduzida e, posteriormente, avaliada corroborando para a validação da viabilidade da aplicação desses critérios e a necessidade de implementação das estratégias em ambientes computacionais.;
5769;121;abstractEn;DIVERGE;Several studies have indicated that mobilizing cognitive and metacognitive strategies can improve student performance. This article describes criteria that support the use of these strategies to develop programming logic, and presents a checklist that relates them with resources and tools that can help the teacher to promote their uses in virtual learning environments. Criteria, resources and tools have been specified to support the use of these strategies. A learning situation was conducted, and later evaluated by students and teachers, corroborating the validation of these strategies and criteria and the necessity of their use in computational environments.;
5770;122;abstractOrig;DIVERGE;Muito tem sido dito sobre a importância do desenvolvimento do Pensamento Computacional como uma competência cognitiva essencial, mas, seriam essas características inatas ou não? Neste trabalho é investigado se em narrativas infantis, na criação de histórias, emergem padrões correlacionados às variáveis consideradas essenciais para o desenvolvimento do Pensamento Computacional, com base nos processos de aprendizagem (epistemologia genética), a partir da neurociência cognitiva e da abstração reflexionante, para a compreensão dos processos mentais de crianças. Foram utilizados métodos mistos durante o processo, sendo parte experimental, com uma amostra de vinte e sete indivíduos que compuseram dez narrativas. Resultados preliminares apontam para a emergência de um padrão, mesmo nas histórias que podem ser classificadas como sem roteiro, que se enquadre nas possibilidades de contar história pelo Scratch 2.0 e, também, nos pilares do Pensamento Computacional - decomposição, padrão, abstração e algoritmo.;
5770;122;abstractEn;DIVERGE;"Much has been said about the importance of the development of Computational Thinking as an essential cognitive competence, but are these characteristics innate or not? In this work it is investigated whether in children's narratives in the creation of stories emerge patterns correlated to the variables considered essential for the development of computational thinking, based on the learning processes (genetic epistemology) from the cognitive neuroscience and the reflective abstraction for the understanding of the mental processes of children. Mixed methods were used during the process, being experimental part with a sample of twenty-seven individuals, who composed ten narratives. Preliminary results point to the emergence of a pattern, even in the stories that can be classified as ""without script"", that fit into the possibilities of storytelling by Scratch 2.0 and also in the pillars of Computational Thinking - decomposition, pattern, abstraction and algorithm.";
5771;123;abstractOrig;DIVERGE;Professores de disciplinas na modalidade semipresencial apoiadas pelo uso de AVA possuem dificuldades em acompanhar adequadamente os alunos por não perceberem as suas características cognitivas. Neste artigo é proposta uma forma de identificação de perfis cognitivos de alunos, com base em uma análise detalhada das atividades propostas e realizadas em um AVA referente a uma disciplina ministrada na modalidade semipresencial para cursos de graduação de diferentes áreas do conhecimento. Essa classificação, resultante da modelagem cognitiva proposta, será implementada através de perfis individualizados que serão ajustados conforme clusterização dos alunos durante as interações realizadas na disciplina.;
5771;123;abstractEn;DIVERGE;Teachers who teach courses in blended learning using LMS have difficulties keeping track of all students due to their lack of knowledge about students’ cognitive characteristics. This article proposes a way of identifying cognitive profiles of students, based on a detailed analysis of the activities proposed and performed in an AVA referring to a course taught in the blended learning for undergraduate majors of different areas of knowledge. This classification, resulting from the proposed cognitive modeling, will be implemented through students’ clustering during their interaction in the course.;
5772;124;abstractOrig;DIVERGE;Resumo. Este trabalho apresenta um sistema para recomendação de estratégias pedagógicas em ambientes virtuais de aprendizagem. Para isto, foram consideradas características individuais do estudante, tais como perfil de personalidade e emoções básicas detectados durante o processo cognitivo. Além disso, foi desenvolvido um sistema de Raciocínio Baseado em Casos a fim de desenvolver novos casos, por meio das informações armazenadas no modelo do estudante, bem como a relação dessas características com as Inteligências Múltiplas de cada estudante. Assim, por meio do conjunto inicial de estratégias pedagógicas armazenados no modelo do estudante, têm-se como resultados uma base de dados composta por 91 novos casos retidos a partir de 9 casos iniciais.;
5772;124;abstractEn;DIVERGE;Abstract. This paper presents a system for recommending pedagogical strategies in virtual learning environments. For this, individual characteristics of the student were considered, such as personality profile and basic emotions detected during the cognitive process. In addition, a Case-Based Reasoning system was developed to develop new cases through the information stored in the student model, as well as the relation of these characteristics to the Multiple Intelligences of each student. Thus, through the initial set of pedagogical strategies stored in the student model, we have as results a database composed of 91 new cases retained from 9 initial cases.;
5773;125;abstractOrig;DIVERGE;"Resumo. Reconhecer e responder adequadamente às reações afetivas dos aprendizes tem emergido como uma funcionalidade fundamental para a construção de uma nova geração de ambientes computacionais de aprendizagem adaptativos. Neste trabalho é apresentado um modelo híbrido de inferência de estados afetivos relacionados à aprendizagem com baixa intrusividade. Este modelo permite a obtenção de informações que indicam situações relevantes para o aprendizado, como ""ciclo vicioso"" e ""concentração engajada"". Resultados promissores obtidos em um experimento com estudantes indicam a viabilidade desta proposta e também embasam a apresentação de alternativas de adaptação ou implementação de intervenções pedagógicas personalizadas.";
5773;125;abstractEn;DIVERGE;Abstract. Recognizing and responding adequately to the learners’ affective reactions has emerged as a key functionality for building a new generation of adaptive computing learning environments. This work presents a low-intrusiveness hybrid model for inference of learning-centered affective states. This model allows gathering information that indicates situations relevant to learning, such as vicious cycle and engaged concentration. Promising results obtained in an experiment with students indicate the feasibility of this proposal and also support the presentation of alternatives for adapting the computational environment or implementing personalized pedagogical interventions.;
5774;126;abstractOrig;DIVERGE;O emprego de novas tecnologias educacionais ainda gera questões acerca da eficiência dessas abordagens e quais benefícios elas propiciam ao âmbito acadêmico. Diversas pesquisas que estudam tais tecnologias preocupam-se apenas em fazer comparações entre usuários, não dedicando-se a investigar até que ponto o aprimoramento das ferramentas tende a manter alguma influência sobre o desempenho dos estudantes. Com base nisso, este trabalho desenvolveu um Gerenciador de Experimentos capaz de controlar a exibição de novas funcionalidades acrescentadas à plataforma Classroom eXperience (CX) e, empregando-o, foi realizada uma Análise de Variância Fatorial para se compreender se esses aprimoramentos trouxeram melhorias significativas nas notas dos alunos. Percebeu-se que o desempenho dos estudantes foi influenciado pela interação entre as funcionalidades do CX e as disciplinas cursadas. Em todas as turmas de graduação, houve aumentos significativos nas notas dos alunos num comparativo entre a ausência do CX e seu uso junto aos módulos de Socialização e Gamificação. Na pós-graduação, não se observou diferença significativa no desempenho discente, embora também tenham ocorrido acréscimos no desempenho obtido pelos estudantes nesse nível acadêmico.;
5774;126;abstractEn;DIVERGE;Usage of new educational technologies still raises questions about the efficiency of these approaches and which benefits they provide to academic field. Several researches that study these technologies are only concerned with user comparisons, not focusing on investigating to what extent the improvement of tools tends to maintain influence on students' performance. Based on this, we developed an Experiments Manager capable of controlling the visibility of new functionalities added to Classroom eXperience (CX) platform and, using it, a Factorial Analysis of Variance was performed to understand if these enhancements brought significant improvements to students' grades. We noticed that students' performance was influenced by the interaction between CX functionalities and taken courses. In all undergraduate classes, there were significant increases on students' performance in a comparison between CX absence and its use with Socialization and Gamification modules. In graduate classes, no significant difference in students' grades was found, although there were also increases on students' performance at this academic level.;
5775;127;abstractOrig;DIVERGE;Resumo. O Sequenciamento Curricular Adaptativo (SCA) ainda é um desafio na área de Aprendizagem Adaptativa. O SCA é um problema NP-Difícil, principalmente por considerar as restrições relacionadas ao perfil do aluno e dos materiais didáticos na seleção de uma sequência em repositórios onde várias poderiam ser escolhidas. Portanto, isso tem estimulado pesquisadores a utilizarem abordagens evolutivas na busca por soluções satisfatórias. Este trabalho utiliza o Algoritmo Presa-Predador, o qual se mostrou adequado para o problema, de acordo com experimentos realizados em laboratório, embora seja uma solução ainda não explorada na literatura de Aprendizagem Adaptativa.;
5775;127;abstractEn;DIVERGE;Abstract. Adaptive Curriculum Sequencing (ACS) is still a challenge in Adaptive Learning field. ACS is a NP-Hard problem especially considering the constraints of the student and learning materials when selecting a sequence from repositories where several sequences could be chosen. Therefore, this has stimulated researchers to use evolutionary approaches in the search for satisfactory solutions. This work uses the Prey-Predator Algorithm, which have shown to be suitable for the problem, according to laboratory experiments, although it is a solution not yet explored in the Adaptive Learning literature.;
5776;128;titleOrig;DIVERGE;Um Sistema de Recomendação Híbrido Integrado à Ontologia em um Ambiente de Aprendizagem Ubíqua;Um Sistema de Recomendação Híbrido Integrado a Ontologia em um Ambiente de Aprendizagem Ubíqua
5776;128;abstractOrig;DIVERGE;Resumo. Os Sistemas de Recomendação (SR) têm o propósito de analisar um conjunto de itens e verificar quais destes são os mais relevantes para um consumidor. Para este trabalho foi desenvolvido um SR híbrido integrado à ontologia que gerencia as informações de perfil do aprendiz e de conteúdos provenientes do YouTube e da Wikipédia. Para validação, o SR proposto foi implementado como um web service e integrado à arquitetura de um ambiente de aprendizagem ubíqua (Edubi), o que permitiu ser testado por estudantes de uma instituição de ensino superior, por meio das aplicações Edubi-Web e Edubi-Mobile. Os resultados obtidos, após coleta e análise de dados qualitativa, apresentam indícios de viabilidade da proposta.;
5776;128;abstractEn;DIVERGE;Abstract. Recommendation systems (SR) have the purpose of analyzing a set of items and check which of these are the most relevant to a consumer. For this work, a Hybrid SR integrated into an ontology that manages the learner profile information and the contents from YouTube and Wikipedia databases was developed. For validation, the proposed SR was implemented as a web service and integrated into the architecture of a ubiquitous learning environment (Edubi), which allowed it to be tested by students of a higher education institution through the Edubi-Web and Edubi-Mobile applications. The results obtained after qualitative data collection show indications of the feasibility of the proposal.;
5777;129;abstractOrig;DIVERGE;Uma característica importante na maioria dos repositórios de vídeos educacionais é a carência de informações relevantes, nas palavras-chave e nos metadados, que possibilitem um pleno acesso aos vídeos através de mecanismos de busca. Um desses repositórios é o Videoaula@RNP, para o qual foi desenvolvido um projeto com foco no enriquecimento semântico dos vídeos educacionais lá armazenados, com base na transcrição de áudio, anotação semântica e análise de similaridade. Este artigo apresenta esta solução e os impactos gerados a partir da sua aplicação no repositório.;
5777;129;abstractEn;DIVERGE;An important feature in most educational video repositories is the lack of relevant information in keywords and metadata that enables full access to videos through search engines. One of these repositories is Videoaula@RNP, for which a project was developed with a focus on the semantic enrichment of the educational videos stored there, based on audio transcription, semantic annotation and similarity analysis. This article presents this solution and the impacts generated from its application in the repository.;
5778;130;abstractOrig;DIVERGE;Este artigo descreve a evolução da ontologia PERSONNA, para modelagem do perfil e do contexto do aluno em um ambiente e-learning, criando a ontologia PERSONNA-TEC e sua integração na arquitetura BROAD-RS. Esse sistema é capaz de realizar a recomendação de objetos de aprendizagem (OA) sensível ao contexto, e enricher, flexibilizar e dinamizar os conteúdos de uma disciplina atravês do plano didático do professor. A avaliação ocorreu com alunos da disciplina de Conceitos Básicos do Computador com recomendações de OA para recursos tecnológicos diferenciados. Os resultados obtidos apontam para a viabilidade da proposta.;
5778;130;abstractEn;DIVERGE;This article describes the evolution of the PERSONNA ontology for modeling the student profile and context in an e-learning environment, creating the PERSONNA-TEC ontology and its integration into the BROAD-RS architecture. This system is able to perform the recommendation of context- sensitive learning objects (LO), and enrich, flexibilize and dynamize the class through the teacher's didactic plan. The evaluation ran with students of a basic concepts computer class, with the recommendation of LO for different technological devises. The results pointed to the feasibility of the proposal.;
5779;131;abstractOrig;DIVERGE;"Predictors to identify whether a student will succeed or fail in introductory programming courses have been provided by previous research. However, they rely on time-consuming aptitude tests and surveys. This way, setting, executing, and replicating these studies is hard and increase the professor effort. Other predictors rely on automatic procedures, but they either do not identify the failing students early or do not provide high effectiveness. To minimize these problems, we propose a strategy to early predict the potential failing students during introductory programming courses automatically, reducing effort and allowing professors to use it in every course. By having this set of students in the first days of the course, professors and mentors would have time to act and potentially avoid such failings. The strategy consists of three steps: the use of an online judge system; the collection of metrics from this system; and the use of a clustering algorithm. To evaluate our strategy, we conduct an empirical study regarding 358 freshmen students of 12 introductory programming courses. We consider the first 30 days of the course. From the group of students our strategy points as ""likely to fail,"" 80% of the students on average indeed fail.";
5779;131;abstractEn;DIVERGE;"Predictors to identify whether a student will succeed or fail in introductory programming courses have been provided by previous research. However, they rely on time-consuming aptitude tests and surveys. This way, setting, executing, and replicating these studies is hard and increase the professor effort. Other predictors rely on automatic procedures, but they either do not identify the failing students early or do not provide high effectiveness. To minimize these problems, we propose a strategy to early predict the potential failing students during introductory programming courses automatically, reducing effort and allowing professors to use it in every course. By having this set of students in the first days of the course, professors and mentors would have time to act and potentially avoid such failings. The strategy consists of three steps: the use of an online judge system; the collection of metrics from this system; and the use of a clustering algorithm. To evaluate our strategy, we conduct an empirical study regarding 358 freshmen students of 12 introductory programming courses. We consider the first 30 days of the course. From the group of students our strategy points as ""likely to fail,"" 80% of the students on average indeed fail.";
5780;132;abstractOrig;DIVERGE;Resumo. Sistemas de Tutoria Inteligentes trabalham para customizar Ambientes Virtuais de Aprendizagem de acordo com o perfil cognitivo do aprendiz. Para customizar estes ambientes, faz-se necessária a aplicação de técnicas de Inteligência Artificial para detecção de Traços Afetivos, Memória de Trabalho, e Estilos de Aprendizagem. Este trabalho propõe a aplicação das técnicas Q-Learning e Média Móvel Exponencialmente Ponderada para detecção de Memória de Trabalho por meio dos traços de navegação do aprendiz. Resultados experimentais demonstram o potencial de ambas as técnicas para detecção da Memória de Trabalho e apontam que a técnica de Média Móvel Exponencialmente Ponderada é superior considerando os cenários avaliados.;
5780;132;abstractEn;DIVERGE;Abstract. Intelligent Tutoring Systems work to customize Virtual Learning Environments according to the learner's cognitive profile. In order to customize these environments, it needs to apply Artificial Intelligence techniques to detect Affective Traits, Working Memory Capacity, and Learning Styles. This work proposes the application of Q-Learning and Exponentially Weighted Moving Average techniques for Working Memory Capacity detection through the use of the apprentice's navigation traces. Experimental results show the potential of both methods to detect the Working Memory Capacity and point out the superiority of the Exponentially Weighted Moving Average technique considering the scenarios evaluated.;
5781;133;abstractOrig;DIVERGE;O uso de técnicas de Learning Analytics tem se destacado como alternativa para compreender melhor o comportamento e a performance dos alunos. Com o uso de novas tecnologias para o desenvolvimento de Objetos de Aprendizagem, abre-se a possibilidade de agregar a estas técnicas. Para compreender e investigar esse tema, foi realizada uma revisão de literatura, apresentando-se um panorama sobre as técnicas, tecnologias, variáveis analíticas e benefícios do uso de Learning Analytics em objetos de aprendizagem.;
5781;133;abstractEn;DIVERGE;Learning Analytics has stood out as an approach to better understand students' behavior and performance. The new technologies used to develop Learning Objects open up the possibility of integrating Learning Analytics with Learning Objects. To understand the possibilities of integrating them, we performed a literature review and present an overview of techniques, technologies, analytical variables, and benefits of their use.;
5782;134;abstractOrig;DIVERGE;Ubiquitous Learning Environments (ULEs) enhance the automatic generation of Learning Objects (LOs), which increases the need of more adequate presentation strategies. To meet different needs and preferences of students, retrieval and personalization resources have been explored, adding cognitive theories to the student model. This paper presents a probabilistic proposal of the Felder and Silverman (FSLSM) model that includes a semiautomatic approach to its measurement in ULEs. Preliminary results indicate the existence of correlations between different types of interactions carried out by students and their respective learning styles.;
5782;134;abstractEn;DIVERGE;Ubiquitous Learning Environments (ULEs) enhance the automatic generation of Learning Objects (LOs), which increases the need of more adequate presentation strategies. To meet different needs and preferences of students, retrieval and personalization resources have been explored, adding cognitive theories to the student model. This paper presents a probabilistic proposal of the Felder and Silverman (FSLSM) model that includes a semiautomatic approach to its measurement in ULEs. Preliminary results indicate the existence of correlations between different types of interactions carried out by students and their respective learning styles.;
5783;135;abstractOrig;DIVERGE;O presente trabalho aborda o problema de detecção de traços cognitivos de estudantes para customização de Ambientes Virtuais de Aprendizagem. Neste sentido, aplica-se a meta-heurística Vitis Vinifera para a detecção do Estilo de Aprendizagem do aluno para futura seleção de objetos de aprendizagem de forma a aprimorar o processo de ensino-aprendizagem. A abordagem proposta é avaliada em relação ao estado da arte que utiliza um Algoritmo Genético para a identificação do Estilo de Aprendizagem. Resultados experimentais apontam que a abordagem proposta é superior em relação ao estado da arte considerando o número de erros de detecção cometidos.;
5783;135;abstractEn;DIVERGE;The present work addresses the problem of detecting students' cognitive traits in order to customize Virtual Learning Environments. In this sense, it applies the Vitis Vinifera metaheuristic to detect the student's Learning Style for the selection of learning objects in order to improve teaching and learning processes. The proposed approach is evaluated relative to the state of the art that uses a Genetic Algorithm for the identification of Learning Styles. Experimental results indicate that the proposed approach is superior relative to the Genetic Algorithm in terms of detection errors.;
5784;136;abstractOrig;DIVERGE;Um dos grandes desafios da computação aplicada à educação está na capacidade de apoiar ambientes que sejam inteligentes e adaptáveis às necessidades dos estudantes. Para isso, é preciso criar Modelos de Estudantes eficazes, com o intuito de identificar e predizer o nível de conhecimento de cada estudante. Além disso, é importante que os próprios estudantes saibam seu nível de conhecimento em um dado instante, para com isso, poderem autorregular seu processo de aprendizagem. Assim, este trabalho descreve o OSM-V, um Modelo Aberto de Estudante com recursos de Visualização de Informação e que permite que estudantes e instrutores tenham acesso às informações inferidas em Sistemas Adaptativos e Inteligentes para Educação. Além da descrição do modelo, este artigo também apresenta experimentos, aplicados a estudantes reais, com o objetivo de avaliar a percepção de utilidade e mudanças comportamentais nos estudantes que utilizaram a ferramenta. Resultados mostraram que esta proposta pode impactar positivamente na aprendizagem dos estudantes e também influenciar positivamente seus comportamentos.;
5784;136;abstractEn;DIVERGE;One of the great challenges of computing applied to education lies in its capacity to support environments that are intelligent and adaptable to the needs of students. For this, it is necessary to create effective Student Models, in order to identify and predict the level of knowledge of each student. In addition, it is important that the students themselves know their level of knowledge at a given point in time, so they can self-regulate their learning process. Thus, this work describes the OSM-V, an Open Student Model with Information Visualization capabilities which allows students and instructors to have access to the information inferred in Adaptive and Intelligent Education Systems. In addition to the model's description, this paper presents experiments with real students aiming at evaluating the perception of utility and behavioral changes of the students who used the tool. Results showed that this proposal can positively impact students' learning and also positively influence their behavior.;
5785;137;abstractOrig;DIVERGE;Modelos para mineração de dados (MD) têm sido amplamente discutidos nos últimos anos. Um software, muito difundido no meio acadêmico, que auxilia o processo de MD é o Weka. Este artigo apresenta uma ferramenta (e sua avaliação) que objetiva substituir o trabalho manual, exercendo o processo de transformação dos dados de um banco de dados, em um dataset no formato exigido pelo Weka. A avaliação da ferramenta, realizada por pesquisadores da área de MD para educação, resultou em níveis positivos de usabilidade e percepção de utilidade.;
5785;137;abstractEn;DIVERGE;Models for data mining (DM) have been extensively discussed in recent years. A software, widely used in academia, that supports the MD process is the Weka. This article presents a tool (and its evaluation) that aims to replace the manual work, exercising the process of transforming the data of a database into a dataset in the format required by Weka. The evaluation of the tool, performed by researchers in the area of MD for education, resulted in positive levels of usability and utility perception.;
5786;138;abstractOrig;DIVERGE;Resumo. Recentemente, alguns indicadores educacionais revelaram que uma parcela significativa dos estudantes da Educação Básica apresenta domínio insuficiente em leitura (Língua Portuguesa) e na resolução de problemas (Matemática). Entretanto, existe uma grande expectativa de que o acesso às tecnologias de aprendizagem adaptativa auxilie na prática docente e contribua para melhoria da aprendizagem. Este artigo tem como objetivo extrair boas e más práticas pedagógicas a partir de processos de ensino e de aprendizagem usando um Sistema Tutor Inteligente (STI) gamificado no Ensino Fundamental. Para tanto, realizou-se um estudo misto com design de experimento controlado com professores e estudantes. Os principais resultados mostram evidências significativas de melhoria na aprendizagem dos estudantes no domínio de Língua Portuguesa e Matemática e apresenta 10 boas práticas e 9 más práticas pedagógicas com o uso de STI gamificado.;
5786;138;abstractEn;DIVERGE;Abstract. Recently, some indicators have revealed that a significant part of students from basic education present insufficient domain on reading (Portuguese Language) and on problem resolution (Mathematics). However, there is a large expectation from that the access to adaptive learning technologies aid in teaching practice and to contribute to improved learning. This work aims to extract good and bad pedagogical practices from teaching and learning processes using a Gamified Intelligent Tutor System (ITS) in the Elementary School. We performed a mixed empirical study with controlled experimental design with teachers and students. The main results show significant evidence of improvement in students learning in Portuguese and Mathematics and presents 10 good practices and 9 bad pedagogical practices with the usage of gamified ITS.;
5787;139;abstractOrig;DIVERGE;Resumo. Os Ambientes Virtuais de Aprendizagem são amplamente utilizados no apoio ao ensino-aprendizagem, contudo, a maioria destes sistemas fornece o mesmo conteúdo de iguais maneiras e formatos a todos os alunos. Há pesquisas que indicam que a oferta de conteúdo personalizado a cada aluno, por meio da detecção de seu Estilo de Aprendizagem, favorece, sobremaneira, o processo de assimilação do aluno. Este trabalho propõe uma abordagem totalmente automática para a detecção de Estilos de Aprendizagem de alunos por meio de suas interações em Ambientes Virtuais de Aprendizagem. Resultados preliminares apontam que a abordagem proposta mostra-se promissora na identificação automática das preferências de aprendizagem dos alunos.;
5787;139;abstractEn;DIVERGE;"Abstract. Virtual Learning Environments are widely used to support the teaching-learning process; however, most of these systems provide the same content in the same way to all students. Recent studies indicate that the provision of personalized content to each student, through the detection of their Learning Style, greatly favors the teaching-learning process. This work proposes a fully automatic approach to identify students’ Learning Styles through their interactions in Virtual Learning Environments. Preliminary results indicate that the proposed approach is promising in the automatic identification of students’ learning preferences.";
5788;140;abstractOrig;DIVERGE;Abstract. Automatic Short Answer Grading is the study field that addresses\nthe assessment of students' answers to questions in natural language. Besides\nlength, it differs from automatic essay grading by focusing on the evaluation of\ncontent instead of answer's style. The grading of the answers is generally seen\nas a typical classification supervised learning. Many works have been recently\ndeveloped, but most of them deal with data in the English language. In this\npaper, we present a new Portuguese dataset and system for automatic short answer\ngrading. The data was collected with the participation of 13 teachers, 12\nundergraduate students and 245 elementary school students. Results achieved\n69% accuracy in four-class classification and 85% on binary classification.;
5788;140;abstractEn;DIVERGE;Abstract. Automatic Short Answer Grading is the study field that addresses\nthe assessment of students' answers to questions in natural language. Besides\nlength, it differs from automatic essay grading by focusing on the evaluation of\ncontent instead of answer's style. The grading of the answers is generally seen\nas a typical classification supervised learning. Many works have been recently\ndeveloped, but most of them deal with data in the English language. In this\npaper, we present a new Portuguese dataset and system for automatic short answer\ngrading. The data was collected with the participation of 13 teachers, 12\nundergraduate students and 245 elementary school students. Results achieved\n69% accuracy in four-class classification and 85% on binary classification.;
5790;141;abstractOrig;DIVERGE;We propose a method based on Principal Component Analysis (PCA) for predicting students' performances and for identifying relevant patterns concerning their characteristics. The proposed method allowed us to study the predictive capability of students' performances and the effectiveness of PCA for interpreting patterns in educational data. The proposed method was validated using two public datasets describing students' achievements, as well as their social and personal characteristics. Experiments were conducted by comparing the predictive performances between the datasets presenting high and reduced dimensions. The results reported that PCA retained relevant information of data and was useful for identifying implicit knowledge in students' data.;
5790;141;abstractEn;DIVERGE;We propose a method based on Principal Component Analysis (PCA) for predicting students' performances and for identifying relevant patterns concerning their characteristics. The proposed method allowed us to study the predictive capability of students' performances and the effectiveness of PCA for interpreting patterns in educational data. The proposed method was validated using two public datasets describing students' achievements, as well as their social and personal characteristics. Experiments were conducted by comparing the predictive performances between the datasets presenting high and reduced dimensions. The results reported that PCA retained relevant information of data and was useful for identifying implicit knowledge in students' data.;
5791;142;abstractOrig;DIVERGE;Virtual learning environments facilitate online learning, generating and storing large amounts of data during the learning/teaching process. This stored data enables extraction of valuable information using data mining. In this article, we present a systematic mapping, containing 42 papers, where data mining techniques are applied to predict students performance using Moodle data. Results show that decision trees are the most used classification approach. Furthermore, students interactions in forums are the main Moodle attribute analyzed by researchers.;
5791;142;abstractEn;DIVERGE;Virtual learning environments facilitate online learning, generating and storing large amounts of data during the learning/teaching process. This stored data enables extraction of valuable information using data mining. In this article, we present a systematic mapping, containing 42 papers, where data mining techniques are applied to predict students performance using Moodle data. Results show that decision trees are the most used classification approach. Furthermore, students interactions in forums are the main Moodle attribute analyzed by researchers.;
5792;143;abstractOrig;DIVERGE;Resumo. Este artigo apresenta uma Revisão Sistemática da Literatura (RSL) para identificar e caracterizar os trabalhos que utilizam Agentes Conversacionais (AC) para auxiliar as pessoas na resolução de problemas matemáticos. Tal necessidade de investigação justifica-se pela complexidade dos problemas matemáticos e em como eles podem ser minimizados com o auxílio das tecnologias. A RSL apresentada neste trabalho foi realizada com base nos últimos 18 anos (2001- 2018) no qual foi possível analisar 352 artigos. Os resultados obtidos auxiliaram na identificação das instituições que trabalham com o tema em questão e a caracterizar as pesquisas que envolvem AC na resolução de problemas matemáticos.;
5792;143;abstractEn;DIVERGE;Abstract. This paper presents a systematic literature review (SLR) to identify and characterize works that utilize Conversational Agents (CAs) to assist people in solving mathematical problems. The need for such investigation is justified by the complexity of mathematical problems and how they can be mitigated with the aid of technologies. The SLR presented here covers the last 18 years (2001-2018), during which 352 papers were analyzed. The results help identify the institutions working on the topic and characterize the research that uses CA in mathematical problem solving.;
5793;144;abstractOrig;DIVERGE;Este artigo apresenta uma abordagem de monitoramento das atividades dos estudantes, usando técnicas de Mineração de Dados. O objetivo deste estudo é identificar grupos de alunos com o mesmo perfil de participação e interação em um ambiente de aprendizagem online, através de um algoritmo de agrupamento hierárquico. Esta proposta baseia-se no modelo de avaliação Learning Vectors (LV) e usa como fonte de informação os logs retirados do banco de dados Moodle. Os resultados apresentaram 3 grupos distintos (ótimo, bom e regular) em relação à interação no ambiente, o que permitiu o reconhecimento de suas dificuldades, facilitando o direcionamento das intervenções do tutor para melhorar a performance e a aprendizagem do aluno.;
5793;144;abstractEn;DIVERGE;This article presents a monitoring approach of students' activities using Data Mining, with the objective of identifying groups of students with similar participation and interaction profiles in an online learning environment by applying hierarchical clustering. This proposal is based on the Learning Vectors model (LV) and uses as information source the logs extracted from the Moodle database. The results identified three distinct groups (excellent, good and regular) considering the interactions in the environment, enabling the recognition of difficulties and making it easier for tutors to act directly on these difficulties and thus improve student performance and learning.;
5794;145;abstractOrig;DIVERGE;Há pesquisas que indicam a importância de considerar particularidades, relativas ao processo de aprendizagem dos estudantes, ao elaborar estratégias para Sistemas de Recomendação de recursos educacionais. Nesta pesquisa, é proposta uma estratégia de recomendação personalizada referente a Objetos de Aprendizagem, com base nos Estilos de Aprendizagem dos estudantes e na Filtragem Colaborativa baseada em Tendências — combinadas por meio de um Algoritmo Genético. Uma avaliação experimental (utilizando um conjunto de dados referentes a estudantes de Computação) indicou que a estratégia proposta proporcionou resultados melhores em comparação a outras abordagens de recomendação.;
5794;145;abstractEn;DIVERGE;Some researches indicate the importance of considering the particularities of students when designing strategies for Recommender Systems for Learning. In this research, we propose a novel Learning Objects recommendation strategy, a personalized approach based on student Learning Styles and Tendencies-Based Collaborative Filtering — combined with a Genetic Algorithm. An experimental evaluation (using a data set concerning students of Computer Science) indicated that the proposed strategy provided better results when compared to other recommendation approaches.;
5795;146;titleOrig;DIVERGE;Avaliação automática de respostas textuais curtas por similaridades de n-gramas: refinamentos por regressão linear;Avaliação automática de respostas textuais curtas por similaridades de n -gramas: refinamentos por regressão linear
5795;146;abstractOrig;DIVERGE;No ensino a distância cresce a necessidade de ambientes virtuais inteligentes, onde um dos componentes é um sistema de avaliação automática de questões conceituais discursivas. Trabalhamos com respostas de questões do vestibular utilizando técnicas de similaridade de textos baseadas em n-gramas e o método de regressão linear. A acurácia do sistema foi contrastada com a dos avaliadores humanos, que resultou em 0.82 contra 0.94, prova Biologia, e 0.86 contra 0.85 prova Geografia. Este estudo mostra que esta tecnologia está alcançando maturidade para ser utilizadas com grandes vantagens nestes ambientes virtuais de ensino: baixo custo, feedback imediato, libera o professor do trabalho de correção e atende grandes turmas.;
5795;146;abstractEn;DIVERGE;In distance education, the need for intelligent virtual environments has been growing, where one of the components is a system of automatic assessment for conceptual open-ended questions. We work with answers to entrance examination questions using n-grams text-like similarity techniques and the linear regression method. The accuracy of the system was contrasted with that of the human evaluators, which resulted in 0.82 against 0.94, Biology test, and 0.86 against 0.85 Geography test. This study shows that this technology is reaching maturity to be used with great advantages in these virtual teaching environments: low cost, instant feedback, frees the teacher from the work of correction and attends large classes.;
5796;147;abstractOrig;DIVERGE;Oferecer ensino adaptado ao perfil cognitivo do aprendiz é uma tarefa ainda não resolvida em sua completude. Neste artigo é apresentada uma estratégia para obtenção dos conceitos não assimilados por um grupo de estudantes num evento de aprendizagem, utilizando para isto, regras de associação da mineração de dados aplicadas aos mapas conceituais.;
5796;147;abstractEn;DIVERGE;Offer adapted teaching to the cognitive profile of the apprentice is a task that still unresolved in your completeness. In this paper is presented a strategy for getting the concepts not assimilated by a group of students in a learning event, using for this, association rules of data mining applied to conceptual maps.;
5797;148;abstractOrig;DIVERGE;Testes Adaptativos Computadores (CAT), baseados na Teoria de Resposta ao Item, permitem fazer testes mais precisos com um menor número de questões que a prova clássica P&P (Paper and Pencil). Estudos mostraram que CAT, utilizando a regra de seleção de Informação de Fisher, reduziu em 26,6% o tamanho da prova de Matemática e suas Tecnologias do ENEM de 2012 em relação à prova P&P de 45 itens. Entretanto, não é conhecido o impacto na estimativa dos escores dos respondentes no uso de diferentes regras de seleção de itens. O objetivo deste trabalho é analisar esse impacto. Os resultados mostram que o tamanho dessa prova pode ser reduzido ainda mais com o uso de outras regras de seleção de itens, sem perda significativa da precisão na estimativa dos escores dos respondentes.;
5797;148;abstractEn;DIVERGE;Computerized Adaptive Testing (CAT) based on Item Response Theory allows more accurate assessments with fewer questions than the classic P&P test (Paper and Pencil). Studies showed that CAT using the Fisher Information selection rule reduced the size of the Mathematics and its Technologies ENEM test by 26.6% in relation to the P&P test, which has 45 items. However, the impact of the use of different item selection rules on the estimation of the examinees scores is unknown. The objective of this work is to analyze this impact. The results show that the size of this test can be reduced more with the use of other item selection rules without significant loss of accuracy in the estimation of the proficiency level.;
5798;149;abstractOrig;DIVERGE;O uso de algoritmos de mineração de dados e de aprendizagem de máquina em contextos educacionais tem evoluído em razão da grande disponibilidade de dados geradas principalmente em ambientes virtuais de aprendizagem. Este estudo faz uma análise comparativa de cinco classificadores na tarefa de predição de alunos com risco de evasão em cursos de graduação por EAD. Os resultados apontaram uma pequena vantagem para o uso da Regressão Logística nos dados analisados, com taxas de sucesso acima de 90% no modelo preditivo.;
5798;149;abstractEn;DIVERGE;The use of machine learning and data mining algorithms in educational contexts has evolved due to the large availability of data generated mainly in virtual learning environments. This study makes a comparative analysis of five classifiers in the task of predicting students with risk of dropping out in undergraduate courses by distance education. The results showed a small advantage for the use of Logistic Regression in the data analyzed, with success rates above 90% in the predictive model.;
5799;150;abstractOrig;DIVERGE;Resumo. Este artigo propõe a aplicação de técnicas de inteligência de enxames para a recomendação de objetos de aprendizagem de línguas. Através da revisão da literatura percebe-se que as abordagens existentes são voltadas para a recomendação de objetos de aprendizagem de modo genérico, sem considerar os aspectos que norteiam o aprendizado de línguas. Como solução para esse problema, alguns elementos essenciais devem ser considerados durante o processo de recomendação: a capacidade de combinar um objeto com outro e sua reusabilidade. Nesse contexto, a tarefa de recomendação aqui apresentada prevê a existência de múltiplas conexões conceituais entre os objetos e ocorre através da aplicação do algoritmo de Otimização por Colônia de Formigas.;
5799;150;abstractEn;DIVERGE;Abstract. This paper proposes the application of swarm intelligence to recommend language learning objects. Through the literature review, it can be seen that the existing approaches are focused to recommend general learning objects without considering the aspects that guide the learning of languages. As a solution to this problem, some essential elements should be considered during the recommendation process: the ability to combine an object with another and its reusability. In this context, the recommendation task presented here considers the creation of multiple conceptual connections between the objects and occurs through the application of the algorithm of Optimization by Ants Colony.;
5800;151;abstractOrig;DIVERGE;Resumo. O presente trabalho apresenta uma abordagem baseada em clusterização para identificar os principais padrões corporais em apresentações orais de estudantes em uma disciplina. Utilizando o Microsoft Kinect, foram coletados dados de 43 apresentações de estudantes realizadas em três momentos distintos ao longo do semestre. As 16 características coletadas pelo sistema desenvolvido foram utilizadas como entrada para a clusterização que permitiu identificar três perfis principais de apresentadores: passivos, ativos e semi-ativos. Uma análise sobre a evolução desses perfis aponta que houve uma diminuição do percentual do perfil passivo ao longo do semestre e um aumento do percentual do perfil semi-ativo. Esses tipos de perfis serão integrados ao sistema de coleta de posturas para a futura classificação automática dos apresentadores em tempo real.;
5800;151;abstractEn;DIVERGE;Abstract. The present paper describes a clustering based approach to identify the main corporal patterns in students oral presentations during a given course. Data from 43 students presentations were collected through the use of Microsoft Kinect. The 16 collected features were used as input information in the clustering process allowing the identification of three main profiles of presenters: passive, active, and semi-active. An analysis of the evolution of these profiles during the semester points out a decrease in the percentage of the passive profile throughout the course, and an increase in the percentage of the semi-active profile. These different profiles will be integrated into the system that collects the postures information in order to allow the automated classification of the presenters in real time.;
5801;152;abstractOrig;DIVERGE;The increasing volume of student behavioral data within virtual learning environments (VLE) provides many opportunities for knowledge discovery. Thus, techniques that make it possible to predict the academic performance of students become essential tools to assist distance learning instructors. This article shows the results of the development of a student performance predictive model, based on behavioral indicators of self-regulated learning in a database extracted from the Moodle VLE. In addition, we attempted to develop specialized predictive models for three distinct scenarios (general, divided by course and divided by semester). The results showed that the variation in the student behavior through the different semesters has a strong influence on the model's predictive power.;
5801;152;abstractEn;DIVERGE;The increasing volume of student behavioral data within virtual learning environments (VLE) provides many opportunities for knowledge discovery. Thus, techniques that make it possible to predict the academic performance of students become essential tools to assist distance learning instructors. This article shows the results of the development of a student performance predictive model, based on behavioral indicators of self-regulated learning in a database extracted from the Moodle VLE. In addition, we attempted to develop specialized predictive models for three distinct scenarios (general, divided by course and divided by semester). The results showed that the variation in the student behavior through the different semesters has a strong influence on the model's predictive power.;
5802;153;abstractOrig;DIVERGE;O presente trabalho apresenta uma comparação do uso de diferentes configurações de bases de dados para a geração de modelos de predição de estudantes em risco de reprovação. Foram testadas 4 diferentes configurações de bases de dados e utilizados 3 algoritmos de classificação para geração de modelos de predição no contexto de uma disciplina semipresencial de Algoritmos e Programação. Os resultados apontaram que o uso de uma base de dados com a contagem de interações dos estudantes no Ambiente Virtual de Aprendizagem ao longo das semanas foi a que permitiu que os modelos de predição alcançassem os melhores resultados.;
5802;153;abstractEn;DIVERGE;This paper presents a comparison of the use of different datasets to generate models for predicting at-risk students. Four different datasets were tested together with three distinct classifiers in the context of an Introductory Programming Course. Initial results indicate that the use of a dataset composed of the counting of student interactions inside the Learning Management System during the course period was the one that allowed the models to achieve the best performances.;
5803;154;abstractOrig;DIVERGE;Este artigo apresenta uma abordagem baseada em Deep Learning para mapear automaticamente problemas trigonométricos em modelos de equações, como parte de um projeto maior de um Sistema Tutor Inteligente na área da Trigonometria. Esta abordagem traduz diretamente problemas matemáticos em modelos de equações usando um modelo de Rede Neural Recorrente (RNN), combinando um modelo baseado em conhecimento linguístico para tratar o contexto trigonométrico. Foram conduzidos experimentos usando Chatbot para a interação com os alunos.;
5803;154;abstractEn;DIVERGE;This paper presents a deep neural solver to automatically map trigonometric problems to equation models as part of a larger project of an Intelligent Tutor System in the area of Trigonometry. This approach directly translates mathematical problems into equation templates using a Recurrent Neural Network (RNN) model, combining a model based on linguistic knowledge to treat the trigonometric context. Experiments were conducted using a Chatbot for interaction with students.;
5804;155;abstractOrig;DIVERGE;Este trabalho propõe a modelagem e o desenvolvimento de uma solução tecnológica que possibilite a análise de relevância temática das postagens feitas por estudantes em fóruns de discussão, em relação a vídeos indicados por professores como recurso didático para promover o aprofundamento sobre o tema de discussão no fórum. Para isto, utilizou-se a Mineração Textual para o processamento dos textos e extração de características. Os resultados mostram que a aplicação apropriada destas técnicas podem gerar indicadores potencialmente úteis por professores na melhoria da prática pedagógica, no sentido de identificar estudantes que, possivelmente, possam estar com dificuldades de aprendizado.;
5804;155;abstractEn;DIVERGE;This work proposes the modeling and development of a technological solution that allows the thematic relevance analysis of the postings made by students in discussion forums, in relation to videos indicated by teachers as didactic resource to promote the deepening on the topic of discussion in the forum. For this, it was used the Text Mining for the processing of the texts and extraction of characteristics. The results show that the appropriate application of these techniques can generate potentially useful indicators by teachers in improving pedagogical practice, in order to identify students who may be learning difficulties.;
5805;156;abstractOrig;DIVERGE;O e-learning é um modelo de ensino eletrônico que pode ser adaptado aos estilos de aprendizagem de cada estudante. A carência de objetos de aprendizagem (OAs) que possam ser recomendados aos alunos é um problema pendente. Outro desafio é a própria recomendação desses OAs. Para solucioná-los, implementa-se uma abordagem que utiliza conteúdo da Wikipédia para a criação de novos recursos educacionais e uma ontologia para a modelagem de estudantes e OAs. Este artigo formaliza o problema de recomendação de OAs como um Problema de Cobertura de Conjuntos, o qual é resolvido por um algoritmo genético (AG). Os resultados dos testes realizados em um protótipo garantem a viabilidade dessa abordagem na solução desses problemas, mostrando que o AG é superior a um algoritmo totalmente aleatório.;
5805;156;abstractEn;DIVERGE;E-learning is an electronic teaching model that can be adapted to student's learning styles. The lack of learning objects (LOs) that can be recommended to students is an open problem. Another challenge is the personalized recommendation of LOs. To solve them, we have implemented an approach that uses Wikipedia content to create new educational resources considering an ontology which models students and LOs. The problem of recommending LOs is formalized, and then a genetic algorithm (GA) is presented to solve it. The tests carried out on a prototype guarantee the viability of this approach to solve these problems, showing that the GA is superior to a random algorithm.;
5806;157;abstractOrig;DIVERGE;Resumo. As tecnologias emergentes surgem como facilitadoras no processo de interação entre os agentes de desenvolvimento no território e os sistemas de conhecimento virtuais, dos quais surge o conceito de Cidade Inteligente. Contudo, percebemos que essa inteligência da cidade desconsidera em seu escopo os fatores associados à construção de saberes gerados pela opinião pública. Neste estudo, buscamos discutir e apresentar por meio de um estudo de caso como a Ciência de Dados pode transformar-se em uma potente ferramenta, capaz de revelar processos emergentes de cognição partilhada entre os membros de um grupo social, bem como as implicações reveladas pela ordem socio-educacional contida no conhecimento gerado.;
5806;157;abstractEn;DIVERGE;Abstract. The emerging technologies appear as facilitators in the process of interaction between development agents in the territory and virtual knowledge systems, from which emerges the concept of Smart City. However, we realize that this intelligence of the city disregards in its scope the factors associated with the construction of knowledge generated by public opinion. In this study, we sought to discuss and present, through a case study, how Data Science can become a powerful tool capable of revealing emerging processes of shared cognition among members of a social group, as well as the implications revealed by socio-educational order contained in the generated knowledge.;
5807;158;abstractOrig;DIVERGE;Durante o processo de aprendizado de programação de computadores, o progresso dos alunos é marcado pela aquisição de novas habilidades. O acompanhamento desse progresso, na perspectiva do professor, pode ser uma tarefa complexa quando realizada a partir de percepções manuais. A situação se agrava quando se trata do acompanhamento simultâneo de uma grande quantidade de alunos. Uma das formas de apoio a essa atividade envolve o uso de modelos do aprendiz, onde as habilidades do aluno são mapeadas a fim de facilitar a visualização tanto dos conceitos já adquiridos quanto das lacunas a serem preenchidas. O uso desse tipo de ferramenta é benéfico, porém ainda pode exigir uma grande carga de trabalho quando se trata da alimentação manual dos modelos, sobretudo devido à necessidade de atualização contínua. Este trabalho propõe o uso de mecanismos automáticos, baseados na análise de código-fonte seguida da detecção de evidências, como fonte de alimentação para o modelo do aprendiz. É apresentado um conjunto de experimentos que demonstram a viabilidade do método. Utiliza-se como cenário de testes um modelo de aprendiz baseado em uma rede bayesiana dinâmica e bases de dados de códigos-fonte em linguagem C.;
5807;158;abstractEn;DIVERGE;During the computer programming learning process, the student’s progress is marked by new skills acquisition. The monitoring of this progress, from the teacher’s perspective, can be a complex task when performed from manual perceptions. The situation is even more complex when dealing with a large number of students simultaneously. One way of supporting this activity involves the use of student models, where abilities are mapped in order to facilitate the visualization of the concepts already acquired and the gaps to be completed. The use of this type of tool is beneficial, but it can still need a heavy workload when it requires the model manual feeding, especially because it is necessary to continuously update it. This paper proposes the use of automatic mechanisms, based in source codes analysis, followed by the evidences detection, as inputs for the student model. A set of experiments that demonstrate the viability of the method is presented. The test scenario is composed by a dynamic bayesian network student model and databases of source code in C language.;
5808;159;abstractOrig;DIVERGE;Este artigo apresenta um mapeamento sistemático sobre o uso de técnicas de visualização de dados para análise dos processos de aprendizagem em AVAs. As questões de pesquisa adotadas buscaram identificar que aspectos dos processos de aprendizagem têm sido alvo de investigação, as técnicas de visualização utilizadas para tal, a forma de validação empírica das propostas e as teorias da aprendizagem que estão sendo utilizadas para guiar estes estudos. Os resultados obtidos com este mapeamento apontam para uma carência de trabalhos que efetivamente priorizem a análise dos processos ao invês dos produtos da aprendizagem, proponham visualizações sofisticadas e utilizem teorias da aprendizagem para alicerçar suas propostas.;
5808;159;abstractEn;DIVERGE;This paper presents a systematic mapping on the use of data visualization techniques to analyze learning processes in virtual learning environments. The research questions adopted sought to identify the aspects of learning processes that have been the subject of research, the visualization techniques used, how the proposals have been empirically validated, and the learning theories that are being used to guide these studies. The results obtained with this study reveal that few works effectively prioritize the analysis of processes rather than the products of learning, propose sophisticated visualizations and use learning theories to ground their proposals.;
5809;160;abstractOrig;DIVERGE;Este trabalho apresenta um sistema online de representação 3D de perfis de aprendizagem que mapeia, para cada estudante, os códigos de programação por ele desenvolvidos ao longo de um curso em variáveis selecionadas a partir de um amplo conjunto de métricas de software que quantificam esforço e qualidade de programação. Aplicando essa representação de perfis, o sistema proposto oferece as seguintes funcionalidades: geração de linhas do tempo dos estudantes para análise da evolução das variáveis de avaliação em uma sequência de soluções de exercícios de um curso, diferentes visualizações dessas variáveis e seleção de exemplos de códigos-fonte representativos para composição de rubricas. O sistema proposto apresenta-se, portanto, como uma importante ferramenta para auxiliar professores de programação na tomada de decisões de avaliação e no acompanhamento da aprendizagem de seus alunos.;
5809;160;abstractEn;DIVERGE;This work presents an online system of 3D representation of learning profiles that maps, for each student, the programming codes he developed along a course in selected variables from a broad set of software metrics that quantify effort and quality of programming. Applying this profile representation, the proposed system offers the following functionalities: generation of student timelines to check the evolution of evaluation variables in a sequence of course workout solutions, different visualizations of these variables, and selection of sample codes representative sources for composition of rubrics. The proposed system is, therefore, an important tool to help teachers of programming in the decision making of evaluation and in the monitoring of the learning of their students.;
5810;161;abstractOrig;DIVERGE;O texto apresenta os resultados de um estudo piloto a partir da utilização de uma tecnologia para mapeamento das interações textuais entre professor e estudantes em um grupo na rede social Facebook. A tecnologia teve como propósito o auxílio ao docente, que utiliza ambientes online como recursos pedagógicos, no processo de ensino e aprendizagem. Os resultados do estudo piloto permitiram uma reflexão acerca das potencialidades e limitações das tecnologias como recursos de apoio à educação na modalidade presencial, visando a ampliação do espaço-tempo na prática pedagógica docente.;
5810;161;abstractEn;DIVERGE;The text presents the results of a pilot study using a technology to map the textual interactions between teacher and students in a group on the social network Facebook. The purpose of the technology was to help the teacher, who uses online environments as pedagogical resources, in the teaching and learning process. The results of the pilot study allowed a reflection on the potentialities and limitations of technologies as resources to support education in the face-to-face modality, aiming at expanding the space-time of teaching pedagogical practice.;
5811;162;abstractOrig;DIVERGE;Durante o processo de alfabetização, a fluência na fala é tão importante quanto a linguagem escrita. A avaliação em larga escala desse processo é fundamental para os órgãos públicos responsáveis pela educação. Com o auxílio de ferramentas de reconhecimento automático de fala (ASR), é possível automatizar a avaliação da fluência na fala, o que permite o seu uso em larga escala. Contudo, há casos em que o processo não consegue realizar uma classificação adequada da leitura e, nesses casos, é preciso o envolvimento humano. O objetivo desse trabalho é apresentar uma solução colaborativa para complementar a avaliação automática da fluência na fala em larga escala. Os resultados apresentados reforçam a viabilidade da solução.;
5811;162;abstractEn;DIVERGE;"During the literacy process, orality is as important as written language. The large-scale evaluation of this process is fundamental for public bodies responsible for education. With the aid of automatic speech recognition (ASR) tools, it is possible to automate the evaluation of orality, which allows its use on a large scale; however, when automated, there are cases where the process can not define the quality of the reading performed. In such cases, it requires human involvement. The goal of this work is present a computational solution to support a orality evaluation in large scale. This work presents a collaborative solution to complement the automatic large scale evaluation of orality. The results presented reinforce the viability of the solution.";
5812;163;abstractOrig;DIVERGE;Este artigo apresenta uma metodologia de ensino baseada em uma combinação das técnicas de avaliação colaborativa e rubricas com o objetivo de permitir que os alunos acompanhem e avaliem os trabalhos de seus pares buscando um ambiente educacional mais favorável ao desenvolvimento de habilidades de comunicação escrita. A metodologia foi aplicada em um curso de graduação cujos resultados obtidos mostram-se promissores ao ter influenciado os alunos na confecção de melhores relatórios técnicos como consequência do aprendizado, se comparados à metodologia tradicional.;
5812;163;abstractEn;DIVERGE;This article presents a teaching methodology structured in a combination of online peer assessment and scoring rubric techniques with the objective of allowing students to follow and evaluate their peers' work, attempting to find a more favorable educational environment focused on the development of written communication skills. The methodology was applied in an undergraduate course whose results are shown to be very promising by influencing the students to produce better technical reports as learning outcomes in contrast to traditional methodology.;
5813;164;abstractOrig;DIVERGE;Este artigo aborda o processo de recomendação de vídeos educacionais para a plataforma Moodle. Considerando que os vídeos são mídias altamente atrativas aos alunos e que é possível agregar diversas informações que identifiquem um vídeo de forma satisfatória, foi desenvolvida uma solução para realizar a recomendação de vídeos educacionais aos alunos de um curso no Moodle. A solução usa como fonte um vídeo previamente selecionado pelo professor (vídeos relacionados), a análise do texto existente no tópico/semana, ou mesmo termos de busca digitados pelo professor. Para tal, é utilizado o sistema de indexação e recomendação de vídeos BAVi (Busca Avançada de Vídeos) para realizar os processamentos necessários.;
5813;164;abstractEn;DIVERGE;This paper discusses the process of recommending educational videos for the Moodle platform. Considering that videos are highly attractive to students and that it is possible to aggregate several information that identifies a video in a satisfactory way, a solution was developed to carry out the recommendation of educational videos to the students of a course in Moodle, based on a video previously selected by the teacher (related videos), the analysis of the text in the topic / week, or even through a search term entered by the teacher. To do this, the BAVi (Advanced Video Search) video indexing and recommendation system is used to perform the necessary processing.;
5814;165;abstractOrig;DIVERGE;Este artigo propõe a integração do AVA Moodle com o aplicativo de troca de mensagens Facebook Messenger, com o intuito de aprimorar o processo de comunicação entre alunos e professores em um ambiente virtual de aprendizagem. Para isso, desenvolveu-se um chatbot para esse aplicativo, denominado CVChatbot, o qual é capaz de enviar notificações aos usuários sobre módulos criados pelos professores nas salas virtuais do AVA, bem como sobre mensagens postadas em fóruns dessas salas. O chatbot desenvolvido foi avaliado por 17 (dezessete) alunos de graduação de uma instituição de ensino superior e os resultados foram considerados promissores.;
5814;165;abstractEn;DIVERGE;This paper proposes an integration of the LMS Moodle with the Facebook Messenger app, in order to improve the process of communication among students and teachers in a virtual learning environment. Hence, a chatbot was developed for this app, called CVChatbot, which is able to send notifications to the users on modules created by the teachers in the virtual rooms of the LMS, as well as on messages posted in forums of these rooms. The developed chatbot was evaluated by 17 (seventeen) undergraduate students from a university and the results were considered promising.;
5815;166;abstractOrig;DIVERGE;Este artigo apresenta a aplicação do objeto virtual de aprendizagem colaborativa, Collabora, como meio de suporte à avaliação da colaboração no ensino e aprendizagem da disciplina de Probabilidade Estatística no Ensino Superior. Por meio das interações e dos dados estatísticos referentes à colaboração fornecidos pelo objeto e das observações coletadas em sala de aula, foi possível analisar as contribuições do objeto no processo de aprendizagem dos conteúdos estatísticos. A ferramenta colaborativa permitiu a interação dos alunos durante a realização das atividades em grupo da disciplina e admitiu estabelecer o nível médio de colaboração entre os participantes.;
5815;166;abstractEn;DIVERGE;This article presents the application of the virtual collaborative learning object, Collabora, as a medium to support the evaluation of collaboration in teaching and learning of the subject of Statistical Probability in Higher Education. Through the interactions and statistical data regarding the collaboration provided by the object and the observations collected in the classroom, it was possible to analyze the contributions of the object in the process of learning the statistical contents. The collaborative tool allowed the students' interaction during the group activities of the discipline and allowed to establish the average level of collaboration among the participants.;
5817;167;abstractOrig;DIVERGE;A experiência de aprendizagem em ambientes virtuais pode ser significativamente melhorada através da introdução efetiva de aprendizagem colaborativa. A formação de grupos é um aspecto crucial para este tipo de aprendizagem. Devido à ausência de interação entre estudantes, esta tarefa torna-se complexa, sendo necessárias ferramentas para auxiliar a determinar agrupamentos para trabalho colaborativo. Este artigo é um esforço conjunto de dois grupos de pesquisa, visando promover o avanço da aprendizagem colaborativa, utilizando o modelo Big Five de personalidade, identificados nos textos produzidos pelos alunos. Os experimentos realizados independentemente foram comparados, demonstrando a viabilidade das propostas.;
5817;167;abstractEn;DIVERGE;The learning experience in virtual environments can be significantly improved through the effective introduction of collaborative learning. The group formation of students is a crucial aspect in this type of learning. Due to the lack of interaction between students, this task becomes complex, requiring automatic and intelligent tools to help students, tutors and environments to determine groupings for collaborative work. This article is a joint effort of two research groups, aimed at fostering the advancement of collaborative learning, presenting the use of personality traits of the Big Five model, identified through natural language texts produced by students. The experiments performed independently were compared, demonstrating the feasibility of the proposals.;
5816;168;abstractOrig;DIVERGE;Tornar a avaliação de aprendizagem aderente aos alunos, de modo a possibilitar uma real caracterização da sala de aula, é um desafio comum aos professores. Ao trabalhar com muitos alunos, a utilização de autoavaliação e avaliações por pares apoiada por ferramentas tecnológicas permite perceber dificuldades individuais. Nesse sentido, esta pesquisa apresenta uma abordagem de autoavaliação e avaliação por pares integrada a uma plataforma de ensino à distância. Descrevemos um procedimento para traçar perfis de aprendizagem analisando a correlação das avaliações dos alunos entre eles e o professor. Assim, demonstramos a utilidade do ferramental para evidenciar os alunos que mais se aproximaram da percepção avaliativa do professor e os que destoaram.;
5816;168;abstractEn;DIVERGE;Making the evaluation of learning adherent to the students in order to allow a real characterization of the classroom is a common challenge for teachers. When working with many students, the use of self-assessment and peer review supported by technological tools increases the possibility of perceiving individual challenges. This paper presents a self-assessment and peer review approach integrated with a distance learning platform. We describe a procedure for tracing learning profiles by analyzing the correlation of the students' evaluations among themselves and the teacher. In doing so, we demonstrate the usefulness of the statistical set of tools to highlight the students who came close to the expected teacher's evaluation and those who did not achieve the goal.;
5818;169;abstractOrig;DIVERGE;Resumo. A criação de sistemas de forma cooperativa é uma atividade comum no ensino de programação orientada a objetos (POO) e é importante ter o conhecimento da contribuição de cada aluno ao projeto. Este trabalho propõe o uso de análises automáticas de detecção de autoria que identificam o quanto cada aluno pode ser considerado dono (autor) de um arquivo. Nós avaliamos três técnicas de detecção de autoria no contexto de projetos de POO e as comparamos com o que os alunos reportaram sobre sua produção de código. Nossos resultados apontam que os algoritmos mais básicos concordam em 69,9% a 88,7% das autorias indicadas pelos alunos. Uma das estratégias avaliadas foi capaz de, inclusive, detectar possíveis coautorias dos arquivos.;
5818;169;abstractEn;DIVERGE;Abstract. Coding projects as a team is a common task of Object Oriented Programming (OOP) courses. When coding in a group it is important to know who did what. In this work, we propose using strategies to automatically detected ownership of each file on a shared project. We evaluate three ownership detection strategies in an OOP course. Students reported how much they own of each file and we compared those reports against our automatic strategies. Our results show that we were able to detect true ownership in at least 69.9% files of one project. One of our tested strategies were also able to detect different levels of ownership for each file.;
5821;170;abstractOrig;DIVERGE;Neste artigo é proposto um framework conceitual para formação de grupos de alunos em um Ambiente Virtual de Aprendizagem (AVA). Nós desenvolvemos e validamos um framework conceitual para recomendação de grupos para atividades colaborativas, utilizando a caracterização dos aprendizes baseada em trilhas de aprendizagem (TAs). A abordagem seguida dá à formação dos grupos aplicando o algoritmo K-Means, que é utilizado com três métricas de similaridade, que são as distâncias: Euclidiana, Manhattan e Cosseno. A validação do framework foi realizada por meio da implementação da ferramenta M-Cluster. Dados reais da interação de usuários com a ferramenta são utilizados na validação.;
5821;170;abstractEn;DIVERGE;In this paper we propose a conceptual framework for groups formation of students in a Virtual Learning Environment (VLE). We have developed and validated a conceptual framework for group recommendation for collaborative activities, using student characterization based on learning paths (LPs) in a VLE. The approach we followed emphasizes group formation applying K-Means algorithm, using three similarity metrics: Euclidian, Manhattan and Cosine metrics. The framework validation was performed through the implementation of the M-Cluster tool. Real user interaction data with the tool is used in validation.;
5819;171;abstractOrig;DIVERGE;"Resumo. A realização de atividades extraclasse é de extrema importância na formação do estudante. Contudo, é comum que os estudantes apresentem certa resistência à realização destas atividades pelos mais diversos fatores, entre eles: horários de trabalho; distância da escola até a residência; problemas particulares e familiares, entre outros. Desta forma, prover mecanismos que incentivem o aluno a realizar estas atividades e que facilitem a realização destas, é altamente relevante. Neste contexto, uma alternativa é o desenvolvimento de uma ferramenta gamificada, que através de recompensas, estimule o estudante a realizar as atividades e que além disso, permita que as atividades sejam realizadas em qualquer dispositivo móvel, facilitando o acesso. Este trabalho propõe a ferramenta StudyPlay, uma ferramenta gamificada para suporte à realização de atividades extraclasse.";
5819;171;abstractEn;DIVERGE;"Abstract. The achievement of activities outside the classroom is of extreme importance in the training of the student. However, it is common for students to have some resistance to extra-class activities, due to a variety of factors, including: working hours; distance from school to home; private and family problems, among others. In this way to provide mechanisms that encourage the student to carry out these activities and that, in addition, facilitate the accomplishment of these activities is highly relevant. In this context, an alternative is the creation of a gamified tool that, through rewards, stimulates the student to carry out the activities and, in addition, allows the activities to be performed on any mobile device, facilitating access. In this context, we propose in this work the StudyPlay, a tool to support the performance of extra class activities.";
5820;172;abstractOrig;DIVERGE;"Comunidades online têm sido criadas em redes sociais online para diferentes objetivos. Os adolescentes possuem necessidade de pertencerem grupos e continuamente buscarem aceitação. Isso muitas vezes gera a questão do bullying nas escolas e, hoje, sua conduta mais agressiva nas redes sociais online abertas, como twitter, facebook, tumblr e blogger, fazendo o cyberbullying, que pode levar a muitos crimes virtuais. Este trabalho apresenta uma investigação e implementação de um modelo de mineração de texto para detecção de bullying em redes sociais (cyberbullying). Os padrões, após identificados, formam um checklist com a sistematização que identifica práticas que levaram os adolescentes a cometer crimes virtuais, após terem iniciado um processo ""social"" de cyberbullying. Esse checklist pode ser disponibilizado à escola para que fiquem em alerta sobre as atitudes que desencadeiam o cyberbullying e crimes virtuais, contribuindo para a educação preventiva dos adolescentes.";
5820;172;abstractEn;DIVERGE;"Online communities have been created in online social networks for different purposes. Adolescents need to belong to groups and continually seek acceptance. This often raises the issue of bullying in schools and today their most aggressive behavior in open online social networks such as twitter, facebook, tumblr and blogger, doing cyberbullying, which can lead to many cyber crimes. This work presents an investigation and implementation of a text mining model to detect bullying in social networks (cyberbullying). The patterns, once identified, form a checklist with the systematization that identifies practices that led teenagers to commit cyberbullying after initiating a \""social\"" cyberbullying process. This checklist can be made available to the school so that they become aware of the attitudes that trigger cyberbullying and cyberbullying, contributing to the preventive education of adolescents.";
5822;173;abstractOrig;DIVERGE;Este trabalho apresenta um aplicativo CelulaP para auxiliar no ensino de Biologia e Histologia celular no ensino superior. O aplicativo conta com diversos recursos interativos, como por exemplo, imagens de microscopia em alta resolução, material teórico e questões. O objetivo principal da aplicação é fornecer aos educadores a possibilidade de inserir ferramentas tecnológicas acessíveis e com forte potencial para serem exploradas durante o processo de ensino e aprendizagem dessas disciplinas.;
5822;173;abstractEn;DIVERGE;This work presents the CelulaP software to contribute to the teaching of cell biology and histology in higher education. The application has several interactive features, such as high-resolution microscopy images, theoretical material and questions. The main objective of the software is to provide educators with the possibility of inserting accessible technological tools with a strong potential to be explored during the teaching and learning process of these disciplines.;
5823;174;abstractOrig;DIVERGE;No presente trabalho, construímos um Sistema de Monitoramento do Ambiente Online usando uma placa do tipo Arduino, que é uma plataforma eletrônica open-source que lê entradas do ambiente transformando-as em informações e/ou tarefas. Nosso sistema é capaz de detectar variáveis como temperatura, umidade, luminosidade e CO2 e gravá-las a cada minuto em um cartão SD. Nós colocamos o sistema em um terrário artificial fechado que é monitorado 24h por dia. Esta plataforma pode ser usada como uma ferramenta interdisciplinar por professores do Ensino Médio principalmente nas disciplinas de biologia, ecologia, química, física, informática e eletrônica, tornando as aulas mais agradáveis e proveitosas.;
5823;174;abstractEn;DIVERGE;In the present work, we have built an Online Environmental Monitoring System using an Arduino-like board, which is an open-source electronics platform that reads inputs from the environment and turns them into information and/or tasks. Our system is capable of detecting variables such as temperature, humidity, luminosity, and CO2, and recording them every minute onto a microSD card. We installed the system in a closed artificial terrarium that is monitored 24 hours a day. This platform can be used as an interdisciplinary tool by high school teachers, mainly in biology, ecology, chemistry, physics, computer science and electronics, making classes more engaging and productive.;
5824;175;abstractOrig;DIVERGE;Este artigo apresenta uma nova abordagem baseada em simulador integrado à plataforma aberta de prototipagem para apoio aos processos de ensino-aprendizagem e desenvolvimento de habilidades práticas na disciplina de Organização e Arquitetura de Computadores. Os resultados mostram a efetividade no aprendizado e aumento da motivação e desempenho dos estudantes pelo uso do simulador proposto.;
5824;175;abstractEn;DIVERGE;This paper presents a simulator-based approach which is integrated to an open prototyping platform to support the teaching-learning processes and development of practical skills in the discipline of Computer Organization and Architecture. The results show the efectiveness of the learning process and the increase of students motivation and performance by the use of the proposed simulator.;
5825;176;abstractOrig;DIVERGE;Resumo. No mercado de trabalho, o uso da tecnologia é fundamental para que os administradores conheçam técnicas e ferramentas administrativas a fim de lidar e ter sucesso em seu trabalho. Universidades e faculdades utilizam softwares de jogos de empresas no auxílio em tomada de decisões simulando ambientes empresariais. Este trabalho apresenta e analisa resultados de um questionário sobre o uso do software Simulador Coliseum em uma Instituição de Ensino Superior. Os resultados mostram que o simulador pode auxiliar no aprendizado dos discentes, propiciando a vivência das habilidades teóricas.;
5825;176;abstractEn;DIVERGE;Abstract. In the labor market, the use of technology is critical for administrators to know techniques and administrative tools to deal with and succeed in their work. Universities and colleges use business gaming software to aid decision making by simulating business environments. This paper presents and analyzes the results of a questionnaire about the use of Coliseum Simulator software in a Higher Education Institution. The results show that the simulator can aid in students' learning, providing exposure to theoretical skills.;
5826;177;abstractOrig;DIVERGE;Esta pesquisa adaptou o framework Scrum para disciplinas de Projeto Integrado, para se conseguir gerenciar projetos interdisciplinares e complexos, por serem desenvolvidos junto às outras disciplinas do mesmo semestre, e tratar problemas de clientes reais. Seguindo a Pesquisa-Ação, turmas foram observadas, uma primeira proposta foi delineada e aplicada visando sua avaliação. O resultado foi o framework PiScrum, já em uso em nova turma, iniciando um novo ciclo de refinamento desta proposta.;
5826;177;abstractEn;DIVERGE;This study adapted the Scrum framework for Integrated Project classes, to manage interdisciplinary and complex projects, developed together with all disciplines of the same semester and addressing real client problems. Following Action Research, classes were observed, a first proposal was outlined and evaluated. The result was the PiScrum framework, already in use in a new class, starting a new refinement cycle.;
5827;178;abstractOrig;DIVERGE;Resumo. Os processos educacionais estão relacionados com a forma de comunicação entre professor e aluno, onde nota-se que o uso de aplicativos móveis de cunho educacional tornou-se um elemento de motivação e colaboração para ambos. Nesse contexto, propõe-se o desenvolvimento de um aplicativo móvel educacional denominado AlgOS, cujo objetivo é apoiar o ensino e a aprendizagem de gestão de processos em Sistemas Operacionais. Através de uma interface intuitiva, o aplicativo é dotado não apenas de simulações dos principais algoritmos de escalonamento de processos, como também contém estudos teóricos e exercícios de fixação, constituindo um aumento na interatividade entre professor-aluno, tornando a aprendizagem do conteúdo mais prazerosa e dinâmica.;
5827;178;abstractEn;DIVERGE;Abstract. The educational processes are related to the communication way between professor and student, where it is possible to notice that the use of educational smartphone applications was turned into a motivational and collaboration element for both of them. In this context it has been purposed the development of an educational application named AlgOS, which addresses to support teaching and learning of process management of Operational Systems. By the use of an intuitive interface, the application is composed not just by data structure simulations of the main algorithms, but it also furnishes theoretical studies and practicing exercises, improving the interactivity between professor-student, turning learning more enjoyable and dynamic.;
5828;179;titleOrig;DIVERGE;Rethinking the 5 R's in Open Educational Resources: A Reuse Perspective;Rethinking the 5 R´s in Open Educational Resources: A Reuse Perspective
5828;179;abstractOrig;DIVERGE;Open Educational Resources (OER) are digital learning resources available under public domain or open licenses that empower users with the 5Rs of freedom: reusing, reviewing, remixing, redistributing or retaining them for particular purposes. This paper states how reuse is related with the other Rs with the goal of paving the way to define traceability criteria for OER automatic quality evaluation.;
5828;179;abstractEn;DIVERGE;Open Educational Resources (OER) are digital learning resources available under public domain or open licenses that empower users with the 5Rs of freedom: reusing, reviewing, remixing, redistributing or retaining them for particular purposes. This paper states how reuse is related with the other Rs with the goal of paving the way to define traceability criteria for OER automatic quality evaluation.;
5829;180;titleOrig;DIVERGE;Análise de Discurso e de Conteúdo de uma Formação em Pensamento Computacional para Professores;Análise de Discurso e de Conteúdo de uma Formacão em Pensamento Computacional para Professores
5829;180;abstractOrig;DIVERGE;Este trabalho descreve um processo de formação de professores que trouxe conceitos relacionados ao Pensamento Computacional utilizando o Scratch. As impressões dos professores com relação à formação foram analisadas através das análises de conteúdo e de discurso com processo de codificação.;
5829;180;abstractEn;DIVERGE;This paper describes a process of teacher training that brought concepts related to Computational Thinking using Scratch. Teachers' impressions regarding training were analyzed through content and discourse analysis with coding process.;
5830;181;abstractOrig;DIVERGE;Este artigo é fruto de um projeto de pesquisa em desenvolvimento, que tem como proposta a construção de um ambiente de aprendizagem ubíqua para auxiliar o processo de ensino-aprendizagem de botânica, servindo como um recurso didático para atividades realizadas em aulas de campo. Desta forma, o artigo resume os aspectos mais importantes do projeto e sua fase atual de desenvolvimento.;
5830;181;abstractEn;DIVERGE;This article is the result of a developing research project, which proposes the construction of a ubiquitous learning environment to assist the teaching-learning process of botany, serving as a didactic resource for activities carried out in field lessons. In this way, the article summarizes the most important aspects of the project and its current phase of development.;
5831;182;abstractOrig;DIVERGE;Este trabalho propõe um processo de desenvolvimento de software para implementação de demandas de uma fábrica de software escola em ambiente acadêmico. A metodologia proposta tem como base um modelo iterativo-incremental distribuídos em fases, com a inserção de atividades inspiradas em metodologias ágeis e ferramentas de modelos de negócios. O processo foi aplicado como metodologia prática de ensino em um curso de nível técnico.;
5831;182;abstractEn;DIVERGE;This work proposes a software development process for implementing demands of a school software factory in an academic environment. The proposed methodology is based on an iterative-incremental model distributed in phases, with the insertion of activities inspired by agile methodologies and business model tools. The process was applied as a practical teaching methodology in a technical-level course.;
5832;183;abstractOrig;DIVERGE;Resumo. Evidências estatísticas são necessárias para comprovar a efetividade do ensino do pensamento computacional sem o uso do computador (CS Unplugged). Este estudo tem por objetivo avaliar duas atividades desplugadas do site oficial, quanto à efetividade na promoção do estado de fluxo (Flow Theory) e promoção do conhecimento sobre o pensamento computacional. Um quasi-experimento foi realizado com 35 estudantes do ensino médio. Os resultados sugerem que as atividades apresentam potencial para estimular o estado de fluxo nos estudantes. Por outro lado, não foi observada correlação estatística entre esse estado e o aprendizado do pensamento computacional.;
5832;183;abstractEn;DIVERGE;Abstract. Statistical evidence is needed to prove the effectiveness of teaching computational thinking without the use of computers (CS Unplugged). This study aims to evaluate two unplugged activities from the official website, regarding the effectiveness in promoting the flow state (Flow Theory) and learning of computational thinking. A quasi-experiment was conducted with 35 high school students. The results suggest that the evaluated activities have potential to stimulate the flow state in students, even if they have an age group above the official recommendation. On the other hand, no statistical correlation between this state and the learning of computational thinking.;
5833;184;abstractOrig;DIVERGE;Este trabalho apresenta uma análise da base de dados dos usuários do juiz on-line The Huxley, ilustrando os erros em tempo de execução mais cometidos pelos aprendizes de programação da linguagem de programação Python. Foram encontrados 143 tipos de erros, distribuídos em 20 classes, sendo os erros mais comuns são de sintaxe inválida, quando o aluno faz o uso incorreto de alguns comandos, como if, for, while, input e print e esquece o token ':' do comando condicional if, declaração de variáveis, quando é feito o uso de uma variável que não foi definida anteriormente e erros de tipos, quando são realizadas operações com tipos diferentes de dados. Conhecer os erros mais comuns permite aos professores enfatizá-los durante suas aulas.;
5833;184;abstractEn;DIVERGE;This paper presents an analysis of the user database of the on-line judge The Huxley, illustrating the most frequent run-time errors committed by the programming learners of the Python programming language. 143 types of errors were found distributed in 20 classes. The most common errors were of invalid syntax, when the student misuses some commands, such as if, for, while, input and print and forgets the token ':' of the conditional command if, variable declaration, when using an undeclared variable and type errors when operations are performed with different types of data. Knowing the most common errors makes it possible for teachers to emphasize them during their classes.;
5834;185;titleOrig;DIVERGE;Validación propuesta para medir la interactividad en un ambiente de aprendizaje, caso con plataforma erudita;Validación propuesta para medir la interactividad en un ambiente de aprendizaje caso con plataforma erudito
5834;185;abstractOrig;DIVERGE;Uno de los factores relevantes en los ambientes de aprendizaje es la interactividad, directamente relacionada con las actividades y contenidos provistos. A pesar de su importancia, no existe una definición ni mecanismos para su medición aceptados universalmente. Este trabajo presenta un modelo conceptual para medición cuantitativa, basada en métricas específicas. La propuesta fue validada en un ambiente de aprendizaje virtual, realizando los cálculos con los datos obtenidos desde la plataforma educativa.;
5834;185;abstractEn;DIVERGE;One of the relevant factors in learning environments is interactivity, directly related to the activities and contents provided. Despite its importance, there is no universally accepted definition or measurement mechanism. This paper presents a conceptual model for quantitative measurement, based on specific metrics. The proposal was validated in a virtual learning environment, making the calculations with the data obtained from the educational platform.;
5835;186;abstractOrig;DIVERGE;"Os Mapas Conceituais vêm ganhando espaço no ambiente educacional; essa ferramenta permite que o aluno estruture seu entendimento através de diagramas onde o conhecimento é inter-relacionado formando proposições lógicas, conhecimento esse que servirá de subsídio para o professor no momento de identificar o nível de assimilação do discente em um contexto específico. O objetivo deste trabalho é estruturar uma metodologia de avaliação de mapas conceituais que possibilite a análise de sua taxonomia, realizando o ranqueamento da sua estrutura lógica de conhecimento, resultando em um retorno com informações suficientes para mensurar o grau de conhecimento do aluno em um determinado assunto, de acordo com essa análise.";
5835;186;abstractEn;DIVERGE;"Conceptual Maps are gaining space in the educational environment; this tool allows the student to structure their understanding through diagrams where knowledge is interrelated, forming logical propositions, knowledge that will serve as a subsidy for the teacher in the moment of identifying the level of assimilation of the student in a specific content. The objective of this work is to structure a methodology of evaluation of conceptual maps that allows the analysis of its taxonomy, performing the classification of its logical structure of knowledge, resulting in a return with enough information to measure the degree of knowledge of the student in a certain subject, according to this analysis.";
5836;187;titleOrig;DIVERGE;Panorama da evasão no curso de Sistemas de Informação da Universidade Federal de Uberlândia: Um Estudo Preliminar;Panorama da Evasão no Curso de Sistemas de Informação da Universidade Federal de Uberlândia: Um Estudo Preliminar
5836;187;abstractOrig;DIVERGE;Este artigo apresenta uma metodologia em desenvolvimento para estabelecer e analisar o panorama da evasão de discentes em cursos de computação da Universidade Federal de Uberlândia. Especificamente, o estudo é conduzido a partir de dados do curso noturno de Bacharelado em Sistemas de Informação (campus Santa Mônica), os quais são providos pelo sistema de controle acadêmico da universidade. A metodologia compreende a organização dos dados, o cálculo de medidas de evasão e a análise do panorama obtido a partir de diferentes fatores relacionados ao curso (período, perfil do aluno, etc.). Os resultados mostram um panorama com percentuais de evasão elevados além de apresentar uma análise preliminar sobre alguns fatores que podem estar relacionados. As investigações subsequentes pretendem analisar e comparar outros dois cursos de computação da universidade com características distintas.;
5836;187;abstractEn;DIVERGE;This paper presents an ongoing methodology to create and analyze the dropout panorama of the students in the undergraduate course of Information Systems at Universidade Federal de Uberlândia from data provided by the academic control system of the university. The methodology comprises the data organization, the calculation of dropout rates and the analysis of the panorama obtained in terms of distinct factors. The results show a panorama with high dropout rates besides a preliminar discussion about some possible related factors. Forthcoming investigations aim to analyze and compare other two undergraduate courses of the university which are also related to the computer science area but have distinct characteristics.;
5837;188;abstractOrig;DIVERGE;Resumo - A reflexão sobre o futuro dos sistemas de educação deve estar fundamentada nas novas mutações contemporâneas pelas quais passa a relação com o saber (Lévy, 2014). No panorama da cultura digital, Heinsfeld e Pischetola (2017) esclarecem que a competência docente se constitui como um desafio de incorporar as novas tecnologias, se apropriar delas para promover novas práticas e relações mais coerentes com a postura de incentivar a aprendizagem, de provocar o pensamento e a reflexão. É o início de um desafio. Partindo da apropriação da reflexão acerca do uso da gamificação, investigar os games pelo prisma conceitual de Petry (2017), tendo como objetivo analisar se um game do tipo mundo aberto possibilita uma 'boa aprendizagem' de acordo com os dezesseis princípios de James Paul Gee (2009).;
5837;188;abstractEn;DIVERGE;Reflection on the future of education systems must be grounded in the new contemporary mutations through which the relationship with knowledge passes (Lévy, 2014). In the panorama of digital culture, Heinsfeld and Pischetola (2017) clarify that teacher competence constitutes a challenge of incorporating new technologies, appropriating them to promote new practices and relationships more coherent with the stance of encouraging learning, provoking thought and reflection. It is the beginning of a challenge. Starting from the appropriation of reflection regarding the use of gamification, this study investigates games through Petry's (2017) conceptual prism, aiming to analyze whether an open-world type game enables a 'good learning' according to the sixteen principles of James Paul Gee (2009).;
5838;189;abstractOrig;DIVERGE;Este artigo descreve o projeto e os resultados parciais de uma pesquisa em andamento que busca estimular o aprendizado de Lógica de Programação, por meio de uma plataforma online gamificada e colaborativa.;
5838;189;abstractEn;DIVERGE;This article describes the project and the partial results of an ongoing research that seeks to stimulate the learning of Programming Logic through a gamified and collaborative online platform.;
5839;190;abstractOrig;DIVERGE;Este trabalho apresenta o bitHERO, um jogo booleano desenvolvido com intuito de auxiliar, de forma lúdica, o aprendizado de circuitos digitais, priorizando inicialmente o ensino das portas lógicas. São apresentadas as motivações para o desenvolvimento do jogo, os recursos utilizados para isso, e a dinâmica do jogo implementado. Também são mostradas propostas de melhoria e ampliação do jogo.;
5839;190;abstractEn;DIVERGE;This work presents bitHERO, a boolean game developed with the purpose of assisting, in a playful way, the learning of digital circuits, prioritizing initially the teaching of logic gates. The motivations for the development of the game, the resources used for it, and the dynamics of the game implemented are presented. Proposals for improvement and expansion of the game are also shown.;
5840;191;abstractOrig;DIVERGE;Este trabalho apresenta uma aplicação de Realidade Aumentada voltada para apoiar o ensino de conteúdos relacionados ao Sistema Solar, principalmente em situações onde a visualização da diferença de tamanho entre os corpos celestes é importante. A aplicação está disponível e pode ser executada em smartphones utilizando apenas o navegador nativo de Internet.;
5840;191;abstractEn;DIVERGE;This paper presents an application of Augmented Reality aimed at supporting the teaching of contents related to the Solar System, especially in situations where the visualization of the size difference between the celestial bodies is important. The application is available and can run on smartphones using only the native Internet browser.;
5841;192;abstractOrig;DIVERGE;Esse artigo visa apresentar uma proposta de portal que objetiva disponibilizar jogos educativos digitais para contribuir com o desenvolvimento de habilidades nos alunos com Necessidades Educacionais Especiais (NEE). Neste sentido, serão utilizados jogos que trabalhem aspectos dos alunos como matemática, português, coordenação motora, dentre outros. Para atender tais necessidades, a proposta aborda elementos da interface que possibilitem uma melhor interação do aluno com o mesmo, visando propiciar uma boa experiência do usuário.;
5841;192;abstractEn;DIVERGE;This article aims to present a portal proposal that makes digital educational games available to contribute to the development of skills in students with Special Educational Needs (SEN). In this sense, games that address aspects of the students such as mathematics, Portuguese, motor coordination, among others, will be used. To meet these needs, the proposal addresses interface elements that enable better interaction for the student with the portal, aiming to provide a good user experience.;
5842;193;abstractOrig;DIVERGE;Ambientes Virtuais de Aprendizagem (AVAs) apresentam altas taxas de evasão em seus cursos. Este fato pode estar relacionado com a falta de motivação e interesse do estudante. Para a resolução desse problema, propõe-se um sistema de exercícios colaborativo e gamificado, onde o aluno possa criar questões e que os demais estudantes possam respondê-las e avaliá-las. Espera-se que com esta ferramenta o processo de aprendizagem se torne mais envolvente, motivador, ativo e efetivo.;
5842;193;abstractEn;DIVERGE;Virtual Learning Environments have high dropout rates in their courses. This fact may be related to the student's lack of motivation and interest. To solve this problem a collaborative and gamified exercises system is proposed, where the student can create questions and others can answer and evaluate them. It is hoped that with this tool the learning process will become more engaging, motivating, active and effective.;
5843;194;autores;DIVERGE;Thaís de Souza Ferreira | Juliana Fernandes | Davi Viana | Luis Rivero | Rodrigo Santos;Thaís de Souza Deluca Ferreira | Juliana Fernandes | Davi Viana | Luis Rivero | Rodrigo Santos
5843;194;abstractOrig;DIVERGE;Este trabalho apresenta um jogo educacional com o intuito de apresentar conceitos de ecossistemas de software e despertar o interesse dos alunos, mantendo-os motivados e imersos na atividade de aprendizagem. O jogo foi desenvolvido seguindo o processo ENgAGED (EducatioNAl GamEs Development) e baseado na ferramenta Construct 2.;
5843;194;abstractEn;DIVERGE;This work presents an educational game for exploring concepts about software ecosystems. The goal is to leverage students' interest, keeping them motivated and immersed in the learning activity. The game was developed following the ENgAGED (EducatioNAl GamEs Development) process and based on Construct 2 tool.;
5844;195;abstractOrig;DIVERGE;Este trabalho apresenta uma proposta de objeto digital de aprendizagem, desenvolvido por meio da plataforma MIT App Inventor, com o objetivo de explorar as possibilidades da plataforma e verificar sua potencialidade para que os professores criem seus próprios aplicativos para uso pedagógico na sala de aula.;
5844;195;abstractEn;DIVERGE;This work presents a proposal for a digital learning object, developed through the MIT App Inventor platform, with the aim of exploring the possibilities of the platform and verifying its potential for teachers to create their own applications for pedagogical use in the classroom.;
5845;196;abstractOrig;DIVERGE;O presente trabalho relata uma experiência de ensino, em que, com uso da plataforma Arduino e utilizando materiais recicláveis foi possível construir carros robôs de futebol seguindo a contextualização de uma narrativa. Desse modo, foi possível observar que o desenvolvimento de uma história constrói um significado aos alunos para guiá-los na produção, além de prover ludicidade. Com esta atividade concluiu-se que os alunos sentiram-se mais interessados e motivados em aprender os conceitos de programação e em construir os carros robôs de uma forma lúdica.;
5845;196;abstractEn;DIVERGE;The present work reports a teaching experience in which the Arduino platform was used and recyclable materials were employed to build soccer robots following the contextualization of a narrative. In this way, it was possible to observe that the development of a story builds meaning for the students to guide them in the production, besides providing playfulness. With this activity it was concluded that the students felt more interested and motivated in learning the concepts of programming and in constructing the soccer robots in a playful way.;
5846;197;abstractOrig;DIVERGE;Os jogos educativos têm o poder de dinamizar o processo de Ensino– Aprendizagem, tornando essa experiência mais empolgante e, fazendo também com que as tarefas ocorram de forma divertida e especial, assim cativando a atenção da criança nas atividades propostas. Dispondo da Tecnologia, este artigo apresenta uma ferramenta que será desenvolvida na plataforma Android para auxiliar crianças no estudo de Espanhol por meio de fábulas, tendo em vista a importância da inserção de tecnologias para o ensino, principalmente usando dispositivos móveis (tablets, smartphones, essencialmente), que tem como principal característica, o uso em qualquer lugar.;
5846;197;abstractEn;DIVERGE;Educational games have the power to invigorate the teaching–learning process, making the experience more engaging and ensuring that tasks occur in a fun and engaging way, thereby capturing the child's attention in the proposed activities. With technology, this article presents a tool to be developed on the Android platform to assist children in learning Spanish through fables, considering the importance of integrating technology into teaching, especially using mobile devices (tablets and smartphones), whose main characteristic is their use anywhere.;
5847;198;titleOrig;DIVERGE;enjoy.et: Um Artefato Baseado em Transmedia Storytelling para o Ensino de Programação para Crianças;enjoy.et: Um Artefato Baseado em Transmedia Storytellling para o Ensino de Programação para Crianças
5847;198;abstractOrig;DIVERGE;O pensamento computacional tem sido considerado um conjunto de habilidades importantes para toda a sociedade. Por este motivo, o Ensino Fundamental e a Educação Infantil são potenciais candidatos para garantir que todos possam aprender não apenas linguagem e matemática básica, mas desenvolver também estas habilidades. Neste sentido, o presente trabalho apresenta um artefato educacional desenvolvido com o objetivo de dar suporte ao ensino de conceitos de programação para crianças pequenas. O toolkit foi desenvolvido a partir dos resultados de uma pesquisa-ação realizada ao longo de três anos.;
5847;198;abstractEn;DIVERGE;Computational thinking has been considered an important set of skills for society as a whole. For this reason, elementary education and early childhood education are potential candidates to ensure that everyone can learn not only basic language and mathematics, but also develop these skills. In this sense, the present work presents an educational artifact developed with the aim of supporting the teaching of programming concepts to young children. The toolkit was developed based on the results of an action research conducted over three years.;
5848;199;abstractOrig;DIVERGE;O ensino de música nas escolas possui o objetivo de expandir o acesso e a qualidade da experiência artística dos alunos envolvidos. No entanto, o ensino da música possui outros objetivos, como o desenvolvimento da coordenação motora, escuta, concentração, habilidade social, dentre outros. Considerando esses objetivos juntamente com avanço da tecnologia, podemos usufruir de aparelhos tecnológicos como suporte para facilitar a dinâmica das aulas. A tecnologia somada a uma abordagem lúdica pode trazer benefícios ao processo de ensino/aprendizagem. Nesse cenário, foi desenvolvido um jogo denominado DescobrindoSons, que tem o objetivo de ensinar sons de instrumentos musicais a crianças de maneira lúdica e com o auxílio da tecnologia.;
5848;199;abstractEn;DIVERGE;The teaching of music in schools aims to expand the access and quality of the artistic experience of the students involved. However, the teaching of music has other objectives, such as the development of motor coordination, listening, concentration, social skills, among others. Considering these objectives together with the advancement of technology, we can use technological devices as support to facilitate the dynamics of the classes. Technology coupled with a playful approach can bring benefícios to the teaching/learning process. In this scenario, a game called DescobrindoSons was developed, which aims to teach children musical instruments in a playful way and with the aid of technology.;
5849;200;abstractOrig;DIVERGE;O número de crianças e adolescentes estuprados no ano de 2016 atingiu 68% dos casos relatados ao Sistema Único de Saúde (SUS), o que corresponde a 15.584 casos. Amigos, conhecidos e familiares próximos (e.g., pai, mãe e padrastos) correspondem a mais de 60% dos agressores. Nesse cenário, a abordagem baseada em jogos para a prevenção de abuso sexual infantil pode ser uma boa maneira de instruir as crianças e adolescentes. Dessa maneira, o presente estudo propõe um jogo denominado Criança Protegida como uma ferramenta de aprendizagem divertida e envolvente no combate à violência sexual à criança.;
5849;200;abstractEn;DIVERGE;Abstract. The number of children and adolescents raped in the year of 2016 has reached 68% of cases reported to the Single Health System (Sistema Único de Saúde), which corresponds to 15,584 cases. Friends, acquaintances, and close relatives (e.g., father, mother, and stepparents) account for more than 60% of offenders. In this scenario, the game-based approach to preventing child sexual abuse can be a good way to educate children and adolescents. Thus, the present study proposes a game called Protected Child as a fun and engaging learning tool to combat sexual violence against children.;
5850;201;abstractOrig;DIVERGE;Resumo. Diversos jogos digitais têm sido projetados com o passar dos anos para atender demandas educativas causadas pelo Transtorno do Espectro Autista (TEA). Este trabalho efetua uma avaliação de jogos digitais educativos para indivíduos portadores deste transtorno. Para tal, foram analisados trabalhos relacionados à educação de indivíduos no TEA, bem como jogos digitais utilizados no ensino de interações sociais e de emoções para os mesmos. Como resultado, questões base de avaliação de jogos TEA foram propostas, as quais podem ser aplicadas em análises qualitativas e quantitativas, bem como servir de guia para o desenvolvimento de novos jogos voltados para o TEA.;
5850;201;abstractEn;DIVERGE;Abstract. Several digital games have been designed over the years to meet educational demands caused by Autism Spectrum Disorder (ASD). This work performs the evaluation of digital educational games for individuals with ASD. To this end, studies related to the education of individuals in ASD were analyzed, as well as digital games used in teaching social interactions and emotions to ASD patients. As a result, baseline issues to evaluate ASD games were proposed, which can be applied in qualitative and quantitative analyzes of ASD games, as well as serve as a guide for the development of new ASD based games.;
5851;202;abstractOrig;DIVERGE;Resumo. Atualmente, existe um nível de dificuldade quanto à compreensão de conceitos de Fisiologia Humana (FH) em sala de aula. Este artigo descreve os resultados obtidos com o desenvolvimento e a aplicação da versão digital do jogo Body para o ensino de FH em turmas de uma escola pública. Nesse contexto, são apresentadas as metodologias de desenvolvimento e de aplicação do jogo, bem como uma descrição detalhada do processo de validação do mesmo. Dentre os resultados obtidos, foram perceptíveis os ganhos de competitividade, interação e diversão por parte dos alunos com o uso desta ferramenta, permitindo ao Body a capacidade de oferecer um ambiente para a inovação do ensino-aprendizagem de FH em sala de aula.;
5851;202;abstractEn;DIVERGE;Abstract. Currently, there is a level of difficulty regarding understanding the concepts of Human Physiology (HP) in the classroom. This article describes the results obtained with the development and application of the digital version of the Body game for teaching HP in a public school. In this context, the development and application methodologies of the game are presented, as well as a detailed description of the validation process. Among the results obtained, perceptible gains in competitiveness, interaction and enjoyment on the part of the students with the use of this tool were observed, allowing Body to offer a viable environment for innovation in HP teaching-learning in the classroom.;
5854;203;abstractOrig;DIVERGE;Resumo. A Língua Brasileira de Sinais (LIBRAS) é um recurso de comunicação que proporciona a inserção social de pessoas com deficiência auditiva. Este artigo apresenta o ForcaBRAS, uma proposta de jogo educativo gratuito para o ensino lúdico e intuitivo da representação do alfabeto e de numerais usando LIBRAS. Para tal, são apresentados motivações, lógica de jogo e recursos tecnológicos utilizados para o desenvolvimento da aplicação. Conclui-se com a verificação e a validação do jogo para um público jovem e adulto e propostas futuras para o aperfeiçoamento e a utilização em larga escala do mesmo.;
5854;203;abstractEn;DIVERGE;Abstract. The Brazilian Sign Language (LIBRAS) is a communication resource that provides the social insertion of people with hearing impairment. This article presents ForcaBRAS, a proposal of free educational game for the playful and intuitive teaching of the alphabet and numerals representation using LIBRAS. For this, motivations, game logic and technological resources used for the development of the application are presented. It concludes with the verification and the validation of the game for a young and adult audience and presentation of future development and large-scale use proposals for the game.;
5855;204;abstractOrig;DIVERGE;Este trabalho apresenta uma abordagem para ensinar os fundamentos da ciência da computação na educação básica combinando atividades de computação desplugada e robótica. Avaliou-se a influência da abordagem com estudantes do 3º, 4º e 5º anos do ensino fundamental 1. Os resultados evidenciam melhor desempenho entre os participantes que receberam estímulos da robótica.;
5855;204;abstractEn;DIVERGE;This paper presents an approach to teaching the fundamentals of computer science in basic education by combining activities of unplugged computing and robotics. The influence of the approach was evaluated with 3rd, 4th and 5th year elementary students. The results show a better performance among participants who received robotic stimuli.;
5852;205;abstractOrig;DIVERGE;Resumo. O presente artigo avalia as potenciais contribuições do Animabox, enquanto objeto de aprendizagem, como suporte no processo de ensino e aprendizagem de fundamentos específicos da disciplina de Estratégias Empresariais, no ensino superior. Para tal, esta pesquisa se apoiou em um experimento comparativo que permitiu constatar que os acadêmicos cumpriram com os objetivos propostos pela disciplina, construindo seu próprio conhecimento de forma autônoma e descentralizada.;
5852;205;abstractEn;DIVERGE;Abstract. This paper describes the potential contributions of Animabox as a learning object, as a supporting tool for the teaching and learning processes about specific fundamentals of the Business Strategies subject in higher education. To achieve this goal, this research was based on a comparative experiment which allowed inferring that the students reached the objectives proposed in the referred subject, building their own knowledge with autonomy and in a decentralized way mediated by the tool presented here.;
5853;206;abstractOrig;DIVERGE;Este artigo apresenta um conjunto de oito visualizações para o modelo do estudante criadas para um sistema educacional online voltado ao ensino de programação para iniciantes. Um questionário foi aplicado com 16 estudantes de programação para verificar a qualidade das visualizações. As visualizações mais simples obtiveram melhores resultados, mesmo forçando um conjunto de informações mais restrito.;
5853;206;abstractEn;DIVERGE;This paper presents a set of eight student model visualizations created for an online educational system aimed at teaching programming to beginners. A questionnaire was applied with 16 programming students to assess the quality of the visualizations. The simpler visualizations performed better, even when providing a more restricted set of information.;
5856;207;abstractOrig;DIVERGE;Resumo. No decorrer de um processo de ensino e aprendizagem, diferentes habilidades cognitivas são requisitadas ao estudante. A atenção se destaca nesse aspecto, visto que ela exerce um papel fundamental no cérebro do aprendiz ao decorrer de sua aquisição de conhecimento. O objetivo deste artigo consiste em demonstrar o impacto da realidade aumentada na concentração dos alunos quando comparada ao uso de uma tecnologia de ensino e aprendizagem tradicional. Esta proposta apresentou resultados favoráveis, uma vez que foi possível identificar um ganho no nível de atenção dos estudantes durante a interação com o aplicativo de realidade aumentada.;
5856;207;abstractEn;DIVERGE;Abstract. During the teaching and learning process, different cognitive skills are required of a student. Attention is one of those that stand out, since it plays a fundamental role in the apprentice's brain during its knowledge acquisition. This paper's objective consists in exposing the impact of augmented reality in students' concentration levels when compared to the usage of a more traditional teaching technology. This proposal presented favorable results once that it was possible to identify an increase in the attention levels of the subjects during their interaction with an augmented reality mobile application.;
5857;208;abstractOrig;DIVERGE;A construção de sistemas computadorizados possibilitou a inserção de alunos com deficiência visual no ensino médio e superior nas salas de aula. No entanto, os sintetizadores de voz ainda não são preparados para ler textos de matemática. O objetivo deste trabalho é descrever estratégias baseadas na adoção da codificação AsciiMath, alternativa rápida ao uso do LaTeX e de disponibilização de um pequeno compilador que toma expressões matemáticas e cria frases que são sonoramente não ambíguas. Este estudo, através de ferramentas adequadas, permite que um aluno cego use o computador para escrever e ler matemática de forma eficiente.;
5857;208;abstractEn;DIVERGE;The construction of computerized systems has allowed the inclusion of students with visual impairment in high school and higher education classrooms. However, speech synthesizers were not ready to read math texts. This work goal is to show the solutions and methodology, based on the adoption of AsciiMath coding, a fast alternative to the use of LaTeX and the provision of a small compiler that takes mathematical expressions and creates sentences that are sonically unambiguous. This study enables, with appropriate tools, a blind student to use the computer to write and read math in an efficient and friendly way.;
5858;209;abstractOrig;DIVERGE;Resumo. Este artigo apresenta uma avaliação de comunicabilidade em uma Rede Social Online (RSO) projetada para apoiar a formação continuada de professores da educação especial inclusiva no Brasil. Resultados apontam falhas de comunicação que podem dificultar ou até mesmo impedir a interação do usuário com a RSO, e que, discutidos por uma visão orientada a valores, podem desencadear tanto consequências negativas em aspectos formais de ensino e aprendizagem dos envolvidos, como também na vida das pessoas, impactando os usuários finais e outras partes interessadas.;
5858;209;abstractEn;DIVERGE;Abstract. This paper presents a communicability evaluation in an Online Social Networks (OSN) designed to support the continuing education of inclusive special education teachers in Brazil. Results point to communication failures that may hinder or even impede user interaction with RSO, and which, discussed by a value-oriented view, can trigger both negative consequences in formal aspects of teaching and learning of those involved, as well as in life impact of end users and other stakeholders.;
5859;210;abstractOrig;DIVERGE;Resumo. Esse artigo tem por objetivo apresentar o processo do desenvolvimento de um aplicativo para dispositivos móveis com o intuito de oferecer um método de ensino/aprendizagem para alunos que sofrem de Transtorno do Espectro Autista (TEA). No decorrer desta pesquisa será abordado conceitos de autismo, dificuldades das pessoas autistas em relação a aprendizagem e como este software pode ajudar no processo de alfabetização destes alunos através do método fônico, objetivando uma melhora na comunicação no autista no ambiente social e escolar.;
5859;210;abstractEn;DIVERGE;Abstract. This paper aims to present the process of developing a mobile application with the purpose of offering a teaching / learning method for students suffering from Autism Spectrum Disorder (ASD). In the course of this research will be approached concepts of autism, difficulties of autistic people in relation to learning and how this software can help in the process of literacy of these students through the phonic method, aiming at an improvement in communication in the autistic in the social and school environment.;
5860;211;titleOrig;DIVERGE;Desenho Universal para a Aprendizagem: criação e validação de um livro digital acessível;Desenho Universal para a Aprendizagem : criação e validação de um livro digital acessível
5860;211;abstractOrig;DIVERGE;Este artigo apresenta o conceito de Desenho Universal para Aprendizagem (DUA) que visa atender as especificidades de pessoas que necessitem de suporte em sua aprendizagem. Em outras palavras, consiste em projetar, planejar ações e artefatos pedagógicos que atendam ao maior número possível de indivíduos, sejam eles portadores de algum tipo de deficiência ou não. Como prova de conceito, foi criado um protótipo de um livro didático digital utilizando o conceito do DUA, onde a forma de apresentação do conteúdo se adapta de acordo com as necessidades específicas de quem o utiliza. Este protótipo foi testado com 21 crianças de 9 escolas públicas da Baixada Fluminense em atividade de campo, onde sua eficácia pôde ser avaliada.;
5860;211;abstractEn;DIVERGE;This article presents the concept of Universal Design for Learning (UDL) that aims to meet the specifics of people who need support in their learning. In other words, it consists of designing, planning educational actions and artifacts that cater to as many individuals as possible, whether or not they are disabled. As proof of concept, a prototype of a digital textbook was created using the UDL concept, where the presentation of content is adapted according to the specific needs of the user. This prototype was tested with 21 children from 9 public schools of Baixada Fluminense in field activity, where its effectiveness was evaluated.;
5861;212;abstractOrig;DIVERGE;Resumo. Problemas de interação entre os alunos muitas vezes ocorrem durante a execução de tarefas em grupo nas salas de aula. Isto pode levar à perda de conhecimento e à baixa eficiência do grupo de trabalho. Nesse contexto, este trabalho propõe o uso de uma ferramenta computacional para apoiar observações que, de forma colaborativa, permitem aos professores identificar barreiras cognitivas entre os alunos durante a realização de tarefas na sala de aula. Espera-se fornecer aos professores mecanismos que facilitem a transferência de conhecimento entre alunos, especificamente alunos cegos, na realização de trabalho em grupo.;
5861;212;abstractEn;DIVERGE;Abstract. Interaction problems among students often occur while performing group tasks in classrooms. This can lead to the loss of knowledge and reduce the efficiency of the workgroup. In this context, this work proposes the use of a computational tool to support observations that, in a collaborative way, allow teachers to identify cognitive barriers among students while performing group tasks in the classroom. Our aim is to provide teachers with mechanisms that facilitate the transfer of knowledge among students, especially blind students, while performing group tasks.;
5864;213;abstractOrig;DIVERGE;Resumo. Usabilidade é uma qualidade de uso que influencia diretamente na produtividade e satisfação dos usuários. Uma das formas de caracterizar a usabilidade de sistemas interativos é por meio da aplicação de avaliação. Este artigo apresenta a avaliação de usabilidade feita sobre os jogos educativos, por meio de uma avaliação com usuários, crianças entre 6 e 12 anos, durante a Escola de Verão de Programação promovida pelo projeto de extensão Aprenda a Programar Jogando da UFRJ – Macaé;
5864;213;abstractEn;DIVERGE;Usability is a quality of use that directly influences user productivity and satisfaction. One of the ways to characterize the usability of interactive systems is through the application of evaluation. This article presents the usability evaluation made on educational games, through an evaluation with users, children between 6 and 12 years, during the Summer School of Programming promoted by the extension project Aprenda a Programar Jogando from UFRJ – Macaé.;
5865;214;abstractOrig;DIVERGE;O desenvolvimento do raciocínio lógico é um processo fundamental para auxiliar na resolução de problemas em diversas áreas, inclusive na computação. A Olimpíada Brasileira de Informática (OBI) é uma olimpíada do conhecimento que promove o desenvolvimento dessa competência através da resolução de desafios e visa estimular o interesse dos alunos para a área da computação. Nesse contexto, apresenta uma ação realizada por meio do PIBID em uma escola pública de um município do estado visando auxiliar no desenvolvimento do raciocínio lógico e pensamento computacional por meio da computação desplugada associada aos desafios propostas pela OBI.;
5865;214;abstractEn;DIVERGE;The logical thinking development is an essential process to assist in problem solving in several areas, including computing. The Brazilian Olympiad of Informatics (OBI) is a knowledge olympiad supported by the Brazilian Society of Computing that emerges as an opportunity to encourage students to become interested in and deepen their knowledge in the area of computing and technology. This Olympiad is in its 20th edition. In this context, this paper presents an activity developed by PIBID students in a public elementary school aiming to contribute to the development of logical and computational thinking through unplugged computing associated with the activities proposed by OBI.;
5862;215;abstractOrig;DIVERGE;Este artigo apresenta um trabalho em andamento que descreve uma ontologia, OntoLO, que visa formalizar Taxonomias de Objetivos Educacionais. O objetivo desta ontologia é auxiliar no processo de avaliação do desempenho acadêmico dos alunos com base nessas taxonomias. O atual estágio deste trabalho formaliza duas taxonomias referenciadas e consolidadas pelas teorias da aprendizagem. Com OntoLO será possível fazer inferências sobre o status de aprendizagem do aluno, com base nas interações que ocorreram nos Sistemas de Gestão de Aprendizagem.;
5862;215;abstractEn;DIVERGE;This paper presents a work in progress that describes an ontology, OntoLO, that aims to formalize Taxonomies of Educational Objectives. The objective of this ontology is to assist in the process of evaluating student academic performance based on these taxonomies. The current stage of this work formalizes two taxonomies referenced and consolidated by theories of learning. With OntoLO it will be possible to make inferences about the learning status of the student, based on the interactions that took place in the Learning Management Systems.;
5863;216;abstractOrig;DIVERGE;Este artigo apresenta uma proposta de classificação dos alunos de um Fórum de discussão com base na presencialidade utilizando uma Rede Neural Artificial (RNA). Foi aplicada a RNA Multi Layer Perceptron (MLP) em uma base de dados extraída de fóruns do AVA Moodle que utilizam o Modelo LV de avaliação.;
5863;216;abstractEn;DIVERGE;This paper has a proposal to select students from a Discussion Forum based on the management of an Artificial Neural Network (RNA). A Multi Layer Perceptron RNA (MLP) was applied to a database extracted from AVA Moodle forums that use the LV Evaluation Model.;
5866;217;abstractOrig;DIVERGE;Resumo. A identificação de Estilos de Aprendizagem (EA) busca fornecer auxílio em sistemas adaptativos baseados nas preferências de cada aluno, assim como pode contribuir em sistemas de recomendação e sistemas tutores inteligentes. Esta pesquisa propõe classificar perfis de aprendizagem a partir dos registros das atividades dos alunos, gerados pelo Modelo Learning Vectors (LV), dentro de um Ambiente Virtual de Aprendizagem (AVA). O modelo de Felder e Silverman foi utilizado como base, inicialmente na dimensão processamento. Diferentes técnicas de aprendizado de máquina foram implementadas e comparadas para realizar esta classificação. Como resultado, obteve-se uma taxa de acurácia máxima de 72,50% com o algoritmo KNN usando os atributos do LV e 69,99% com o SVM usando atributos escolhidos com base na literatura.;
5866;217;abstractEn;DIVERGE;Abstract. The Learning Styles (LS) identification seeks to provide assistance in adaptive systems based on each student's preferences, as well as contributing to recommendation systems and intelligent tutoring systems. This research proposes to classify learning profiles from the records of the students' activities, generated by the Learning Vectors Model (LV), within a Learning Management System (LMS). The Felder and Silverman model was used as the basis, initially in the processing dimension. Different machine learning techniques were implemented and compared to perform this classification. As a result, we obtained a maximum accuracy rate of 72.50% with the KNN algorithm using the LV attributes and 69.99% with the SVM using attributes chosen from the literature.;
5868;218;abstractOrig;DIVERGE;O objetivo deste trabalho é utilizar técnicas de Dados Ligados e Web Semântica para a construção de um mashup com dados de execução financeira do PDDE e de indicadores educacionais. Ao final do processo foi gerado um dataset RDF contendo uma visão integrada das fontes.;
5868;218;abstractEn;DIVERGE;The purpose of this work is to use Linked Data and Semantic Web techniques to construct a mashup with financial execution data from PDDE and educational indicators. At the end of the process an RDF dataset was generated containing an integrated view of the sources.;
5869;219;abstractOrig;DIVERGE;Resumo. O presente trabalho em andamento propõe um novo modelo independente de domínio para anotação semântica automática de OA textuais em língua portuguesa através de ontologias de domínio. A independência de domínio do modelo aqui proposto é obtida com a utilização do paradigma de Extração Aberta de Informações (do inglês, Open Information Extraction (Open IE)) [Wu e Weld 2010] e da parametrização da ontologia de domínio. Além disso, a maioria dos estudos encontrados na literatura que anotam de forma automatizada OA textuais em portuguese não obtêm informações diretamente do texto do OA, por exemplo, a proposta de [Behr et al. 2016]. Entre os que extraem informações diretamente do OA, como em [Santanchiè 2007], a extração é condicionada ao processo de autoria de um novo objeto. Assim, o modelo aqui proposto se diferencia dos demais encontrados na literatura por anotar OA através de instâncias e propriedades ontológicas obtidas diretamente do texto dos OA e de modo independente do processo de autoria.;
5869;219;abstractEn;DIVERGE;Abstract. This paper presents a work in progress that proposes a domain-independent model for automatic semantic annotation of textual Learning Objects (LO) in Portuguese. This model differs from other semantic annotation works by the use of Relation Disambiguation and the Open IE paradigm. For our model validation, we implemented a prototype which was able to extract information from textual Learning Objects (LO) and convert it into semantic metadata.;
5870;220;abstractOrig;DIVERGE;Um dos desafios das instituições de ensino é reduzir os altos índices de evasão em seus cursos superiores. Uma solução bastante utilizada para atingir esse objetivo é o uso de mineração de dados educacionais, a fim de identificar padrões que auxiliem os gestores na tomada de decisão. Neste trabalho, apresentamos um estudo que visa identificar estudantes que apresentam risco de evasão a partir do seu primeiro ano no curso de graduação. Os experimentos foram realizados com informações extraídas do sistema acadêmico da FURG. Os resultados obtidos mostram que os potenciais alunos evasores podem ser identificados com acurácia de 90,7% usando o algoritmo J48.;
5870;220;abstractEn;DIVERGE;One of the challenges for educational institutions is to reduce high dropout rates in their undergraduate degrees. A widely used solution to achieve this goal is the use of educational data mining in order to identify patterns that assist managers in decision making. In this work, we present a study that aims to identify students who present risk of evasion, starting from their first year in the undergraduate course. The experiments were carried out with information extracted from the FURG academic system. The obtained results show that the potential evader students can be identified with accuracy of 90.7% using the J48 algorithm.;
5871;221;abstractOrig;DIVERGE;Resumen. Los agentes pedagógicos surgen como una alternativa, generalmente asociada a los sistemas tutoriales inteligentes, para proveer una interacción más natural con los estudiantes dentro de un ambiente virtual de aprendizaje. Para ello, tales agentes pueden llevar a cabo diversos roles dependiendo de su abordaje pedagógico, siendo el objetivo de este trabajo presentar una clasificación clara de los mismos, la cual parte de la descripción de sus características y las funciones que llevan a cabo. Por último, y a manera de ejemplo, se discriminan varios de agentes pedagógicos más referenciados en la literatura de acuerdo a tal clasificación.;
5871;221;abstractEn;DIVERGE;"Pedagogical agents emerge as an alternative, generally associated with intelligent tutoring systems, to provide a more ""natural"" interaction with students within a virtual learning environment. To this end, such agents can carry out various roles depending on their pedagogical approach, and the objective of this work is to present a clear classification of them, which is based on the description of their characteristics and the functions they perform. Finally, and by way of example, several of the most referenced pedagogical agents in the literature are distinguished according to that classification.";
5872;222;abstractOrig;DIVERGE;A popularidade dos MOOCs tem limitado as barreiras de tempo e espaço na educação tradicional e tem se tornado um importante fonte de acesso a recursos de qualidade. Entretanto, o aumento do número de alunos na plataforma com diferentes níveis de conhecimentos, metas e necessidades dificulta a interação no ambiente, devido a diferentes contextos onde os alunos estão inseridos. A construção de um Sistema de Recomendação (SR) de pessoas pode ser uma alternativa para a promoção da aprendizagem colaborativa. Assim, esse artigo aborda a importância em avaliar o contexto do aluno visando recomendar outros alunos em um SR, incentivando assim, a aprendizagem compartilhada e construída a partir de diferentes olhares e perspectivas.;
5872;222;abstractEn;DIVERGE;The popularity of MOOCs has shortened time and space barriers in traditional education and has become an important source of access to quality resources. However, the increase in the number of students accessing such platforms with different levels of knowledge, goals and needs hinders their interaction in the environment, due to the different contexts where students are inserted. The construction of a People Recommendation System can be an alternative for the promotion of collaborative learning. Thus, this article addresses the importance of evaluating the student's context in order to recommend other students thus encouraging shared learning built from different perspectives.;
5873;223;abstractOrig;DIVERGE;Resumo. A Mineração de Dados Educacionais (MDE) é uma área interdisciplinar que utiliza dados gerados por ambientes educacionais na busca de informações relevantes ao aprimoramento do ensino. Sendo assim, este trabalho apresenta um mapeamento Sistemático da Literatura (MSL) sobre o cenário brasileiro, utilizando o repositório da Comissão Especial de Informática na Educação, com relação à MDE. Um dos resultados do mapeamento aponta um alto índice de exploração de dados oriundos da graduação em relação à análise dos dados da educação básica.;
5873;223;abstractEn;DIVERGE;Abstract. Educational Data Mining (EDM) is an interdisciplinary field that uses data generated by educational environments in search of information relevant to improving education. This work presents a Systematic Mapping Study (SMS) of the Brazilian scenario, using the repository of the Special Commission on Informatics in Education, in relation to EDM. One of the mapping results indicates a high level of data exploration from undergraduate education and a lack of exploration of basic education data.;
5874;224;abstractOrig;DIVERGE;Este trabalho propõe, a partir de uma revisão de literatura, um conjunto de requisitos de dados a ser considerado por qualquer Ambiente Virtual de Aprendizagem (AVA) que deseje suportar funcionalidades de Mineração de Dados Educacionais (MDE) e Learning Analytics (LA). Ao propor estes requisitos, espera-se auxiliar na concepção de arquiteturas de novos AVAs, bem como informar a evolução de plataformas existentes interessadas em incorporar funcionalidades de MDE e LA.;
5874;224;abstractEn;DIVERGE;This paper aims to identify, from a literature review, a set of data requirements to be considered by any Learning Management Systems (LMS) that wishes to support Educational Data Mining (EDM) and Learning Analytics (LA) functionalities. In defining these requirements, we hope to help in conceiving architectures for new LMS as well the evolution of existing ones interested in incorporating EDM and LA features.;
5875;225;abstractOrig;DIVERGE;Abstract. This paper investigates the suitability of using Data Visualization, specifically Parallel Coordinates Plots (PCP), as an instrument for helping distance learning instructors identify students with poor performance. To answer this question, we developed a web application that lets users generate and interact with PCPs and evaluated it with usability tests inspired by the NOVIS framework — a usability framework specifically designed for evaluating data visualizations. The results show that PCPs and Data Visualization are perceived, by distance learning instructors, as an invaluable tool for following student progress on Virtual Learning Environments.;
5875;225;abstractEn;DIVERGE;Abstract. This paper investigates the suitability of using Data Visualization, specifically Parallel Coordinates Plots (PCP), as an instrument for helping distance learning instructors identify students with poor performance. To answer this question, we developed a web application that lets users generate and interact with PCPs and evaluated it with usability tests inspired by the NOVIS framework — a usability framework specifically designed for evaluating data visualizations. The results show that PCPs and Data Visualization are perceived, by distance learning instructors, as an invaluable tool for following student progress on Virtual Learning Environments.;
5876;226;abstractOrig;DIVERGE;A presente pesquisa tem o objetivo de investigar e verificar o processo de ensino e aprendizagem com profissionais da Associação de Pais e Amigos dos Excepcionais (APAE) e alunos com Transtorno do Espectro Autista (TEA), através da criação de Histórias em Quadrinhos utilizando as ferramentas do Google Drive, a fim de analisar a usabilidade e impacto desta aplicação no ensino de leitura e escrita.;
5876;226;abstractEn;DIVERGE;The present research has the objective of investigating and verifying the teaching and learning process with professionals from the Associação de Pais e Amigos dos Excepcionais (APAE) and students with Autism Spectrum Disorder (TEA), through the creation of Comic Books using the tools Google Drive to analyze the usability and impact of this application in reading and writing.;
5877;227;abstractOrig;DIVERGE;A avaliação entre-pares é um mecanismo eficiente para prover feedback rápido e de qualidade aos estudantes. Neste estudo, aplicamos a avaliação entre-pares em um exercício de programação orientada a objetos. Descobrimos que, com a ajuda de um guia de correção, cerca de 66% dos alunos realizaram uma avaliação próxima a do professor e , na maioria dos casos onde houve divergência, aconteceu pela tendência dos alunos avaliarem de forma mais rigorosa que o professor da disciplina.;
5877;227;abstractEn;DIVERGE;Peer review provides good feedback on assignments produced by students. In this work we evaluated how good a guided peer review was in an assignment on a Oriented Object Programming assignment. Most of the students produced a feedback very similar to what a teacher would provide and students were more punitive when evaluating assignments.;
5878;228;abstractOrig;DIVERGE;O uso dos meios digitais para educação é uma realidade em inúmeras instituições pelo mundo. Plataformas como Google Sala de Aula, Edmodo e até mesmo o WhatsApp, oferecem serviços de grupos virtuais onde é possível compartilhar arquivos e realizar trocas de mensagens. No entanto, apesar da praticidade e usabilidade, este último pode vir falhar, uma vez que nem toda informação presente no aplicativo se resume à escola. A partir disso, o presente trabalho propõe o desenvolvimento de um aplicativo móvel de trocas de mensagens instantâneas exclusivamente voltado para o ambiente educacional, que permita a transação prática e instantânea de mensagens de texto e de arquivos digitais apenas no meio institucional.;
5878;228;abstractEn;DIVERGE;The use of digital means for education is a reality in numerous institutions around the world. Platforms such as Google Classroom, Edmodo, and even WhatsApp, offer services of virtual groups where it is possible to share files and messages. However, although practicality and usability are present, the latter may fail, since not all information present in the app is related to school. From this, the present work proposes the development of a mobile messaging application exclusively oriented to the educational environment, which allows the practical and instantaneous transmission of text messages and digital files only within the institutional setting.;
5879;229;abstractOrig;DIVERGE;Resumo. O objetivo deste artigo é apresentar um projeto piloto de proposta de pesquisa de imersão em torno do fenômeno do Studygram a fim de compreendê-lo, correlacioná-lo com a Neurociência e Psicologia Cognitiva para testar seus benefícios educacionais e verificar a viabilidade de sua utilização intencional para otimização da aprendizagem.;
5879;229;abstractEn;DIVERGE;Abstract. The objective of this article is to present a pilot project of immersion research around the phenomenon of the Studygram in order to understand it, to correlate it with Neuroscience and Cognitive Psychology to test its educational benefits and verify the viability of intentional use to optimize learning.;
5880;230;abstractOrig;DIVERGE;A aplicação de um modelo que centralize o aluno no arcabouço teórico e prático das disciplinas e permita a aplicação de seus conceitos através da resolução de problemas tem sido um dos grandes desafios da educação moderna. Este artigo traz uma proposta que une a Aprendizagem Baseada em Projetos e as Metodologias Ágeis de desenvolvimento de software em um curso de Pós-Graduação em Residência de Tecnologia da Informação aplicada à Área Jurídica na Justiça Federal. Uma proposta de gestão e acompanhamento de aprendizagem com ferramentas tecnológicas e mapeamento de papéis e processos.;
5880;230;abstractEn;DIVERGE;The application of a model that centralizes the student in the theoretical and practical framework of the disciplines and allows the application of their concepts through problem solving has been one of the great challenges of modern education. This article presents a proposal that links Project-Based Learning and Agile Methodologies of software development in a Post-Graduate course in Information Technology Residency applied to the Legal Area in Federal Justice. A proposal of management and monitoring of learning with technological tools and mapping of roles and processes.;
5881;231;abstractOrig;DIVERGE;"Resumo. Este trabalho apresenta uma nova abordagem para viabilizar a integração entre professores e alunos através de uma infraestrutura de rede desconectada da Internet de suporte à colaboração oportunística, denominada PWNet. Uma PWNet é uma infraestrutura de rede ad hoc que pode conectar hierarquicamente dispositivos tais como smartphones, tablets e notebooks, a partir de uma PWA (Progressive Web App) permitindo que os mesmos possam formar uma malha de acesso sem a necessidade de conexão com a Internet. Para mostrar os benefícios de uma PWNet em âmbito educacional, o artigo apresenta um App denominado ""MyQuiz"" app que é implantado como uma PWA no smartphone de um professor e, mesmo sem conexão com a Internet, os alunos podem interagir e multiplicar os acessos para outros alunos.";
5881;231;abstractEn;DIVERGE;"Abstract. This paper presents a new approach to enable the interaction between teachers and students through a disconnected network infrastructure supporting opportunistic collaboration, called PWNet. A PWNet is an adhoc network infrastructure that can hierarchically connect devices such as smartphones, tablets and notebooks from a PWA (Progressive Web App) allowing them to form an access network without the need for an Internet connection. To show the benefits of a PWNet in education, a case study is presented in which an ""MyQuiz"" app was developed that is deployed as a PWA on a teacher's smartphone, and even without an Internet connection, students can interact and multiply access to other students.";
